,smiles,sequence,interactions
0,3,3,1
1,4,4,0
2,5,5,1
3,9,9,1
4,11,11,0
5,13,12,1
6,15,14,0
7,16,15,0
8,17,16,0
9,18,3,1
10,19,17,1
11,22,20,0
12,23,21,1
13,25,23,0
14,26,24,0
15,28,27,0
16,31,30,0
17,32,28,1
18,33,28,1
19,34,32,0
20,38,3,1
21,39,36,0
22,42,39,0
23,43,40,1
24,46,43,0
25,47,44,1
26,50,48,0
27,53,28,1
28,54,54,1
29,55,55,1
30,60,60,0
31,66,66,0
32,70,70,0
33,73,75,0
34,77,78,0
35,79,80,0
36,83,84,0
37,84,85,1
38,85,86,0
39,87,88,0
40,92,92,0
41,93,93,1
42,94,9,1
43,96,9,1
44,97,95,0
45,98,56,0
46,99,9,1
47,100,97,0
48,103,101,0
49,61,103,0
50,23,104,1
51,107,106,1
52,108,107,0
53,23,109,1
54,112,112,0
55,114,114,0
56,116,116,0
57,76,9,1
58,119,119,0
59,125,124,0
60,127,3,1
61,129,89,1
62,137,135,0
63,140,139,0
64,145,146,1
65,9,150,1
66,150,152,0
67,151,154,1
68,153,157,0
69,154,44,1
70,161,164,1
71,9,172,1
72,170,174,0
73,175,180,0
74,176,9,1
75,184,191,0
76,188,196,0
77,189,5,1
78,191,3,1
79,192,198,1
80,198,204,1
81,199,205,0
82,200,206,0
83,50,195,0
84,202,209,0
85,32,28,1
86,149,213,0
87,206,28,1
88,208,28,1
89,211,220,0
90,214,223,0
91,217,225,0
92,219,227,1
93,220,28,1
94,226,28,1
95,25,232,0
96,32,28,1
97,227,233,1
98,229,235,0
99,230,3,1
100,234,198,1
101,55,244,1
102,236,245,0
103,237,246,0
104,209,247,0
105,238,248,0
106,240,5,1
107,244,255,1
108,247,258,1
109,249,260,0
110,253,264,0
111,254,265,0
112,257,9,1
113,23,271,1
114,262,44,1
115,263,9,1
116,265,122,1
117,266,9,1
118,267,181,0
119,234,28,1
120,270,282,1
121,271,206,0
122,272,284,0
123,222,285,0
124,274,64,0
125,23,290,1
126,82,9,1
127,278,150,1
128,280,293,0
129,281,294,1
130,286,299,0
131,287,300,0
132,38,301,1
133,288,302,0
134,289,9,1
135,240,28,1
136,6,304,0
137,263,9,1
138,295,306,1
139,297,310,0
140,307,320,0
141,308,321,1
142,312,3,1
143,304,326,0
144,317,9,1
145,23,321,1
146,323,334,0
147,327,28,1
148,330,340,0
149,53,28,1
150,331,341,1
151,333,104,0
152,335,28,1
153,337,344,1
154,339,345,0
155,342,235,0
156,344,81,1
157,354,18,1
158,357,84,0
159,361,85,1
160,363,258,1
161,365,366,1
162,153,70,0
163,373,376,0
164,23,15,1
165,374,378,1
166,376,28,1
167,378,381,0
168,379,9,1
169,381,384,0
170,383,386,0
171,385,389,0
172,388,393,0
173,25,396,0
174,392,9,1
175,53,28,1
176,395,402,0
177,396,403,0
178,397,405,0
179,398,44,1
180,400,407,1
181,26,35,0
182,50,410,0
183,404,413,0
184,161,150,1
185,406,206,0
186,407,414,0
187,89,9,1
188,99,416,1
189,28,417,0
190,412,419,0
191,414,9,1
192,418,424,0
193,420,425,1
194,423,153,1
195,424,428,0
196,425,429,0
197,426,431,0
198,427,432,0
199,429,433,0
200,431,28,1
201,433,437,0
202,434,438,0
203,435,439,0
204,437,442,1
205,438,445,0
206,416,446,1
207,439,5,1
208,440,447,0
209,441,9,1
210,155,451,1
211,445,452,1
212,447,431,0
213,448,455,1
214,450,457,1
215,452,460,1
216,454,28,1
217,457,463,0
218,459,420,0
219,462,28,1
220,463,467,0
221,466,468,1
222,469,271,1
223,466,3,1
224,317,150,1
225,470,475,1
226,471,458,0
227,473,476,0
228,475,344,0
229,476,44,1
230,68,480,0
231,479,3,1
232,319,481,1
233,481,485,0
234,482,315,1
235,483,106,1
236,488,491,0
237,489,279,1
238,366,494,0
239,65,495,0
240,496,500,0
241,499,3,1
242,366,502,0
243,500,24,0
244,501,503,0
245,508,509,0
246,510,3,1
247,513,475,1
248,515,297,1
249,516,516,1
250,23,3,1
251,521,44,1
252,526,526,0
253,531,530,0
254,533,9,1
255,535,531,0
256,264,535,0
257,536,312,0
258,538,28,1
259,312,3,1
260,539,538,0
261,541,539,0
262,543,9,1
263,544,9,1
264,546,542,0
265,553,549,0
266,25,552,0
267,555,553,1
268,567,564,0
269,570,568,0
270,571,569,0
271,577,28,1
272,579,9,1
273,582,580,0
274,583,28,1
275,588,198,1
276,589,28,1
277,25,587,0
278,214,589,0
279,591,583,0
280,368,590,0
281,517,195,0
282,189,28,1
283,3,3,1
284,593,89,1
285,594,102,0
286,31,4,0
287,50,597,0
288,599,599,1
289,22,603,0
290,466,81,1
291,605,28,1
292,606,85,1
293,608,28,1
294,611,565,1
295,169,613,1
296,577,28,1
297,612,202,1
298,613,28,1
299,23,620,1
300,617,28,1
301,618,565,1
302,619,9,1
303,624,114,1
304,629,28,1
305,631,28,1
306,634,633,0
307,635,635,0
308,23,638,1
309,637,640,0
310,638,641,0
311,99,9,1
312,639,255,1
313,363,256,1
314,640,4,0
315,260,646,0
316,644,434,0
317,645,28,1
318,646,589,1
319,222,648,0
320,648,28,1
321,649,649,0
322,651,650,0
323,652,256,1
324,466,9,1
325,655,28,1
326,609,655,0
327,223,28,1
328,660,658,0
329,25,445,0
330,23,659,1
331,420,3,1
332,662,661,0
333,663,9,1
334,23,664,1
335,74,44,1
336,620,670,1
337,671,102,0
338,672,28,1
339,529,671,0
340,615,673,0
341,280,674,0
342,674,281,1
343,676,3,1
344,677,9,1
345,678,675,0
346,140,248,0
347,684,589,0
348,685,679,0
349,676,425,1
350,32,28,1
351,579,9,1
352,89,145,1
353,438,687,0
354,690,688,1
355,697,85,1
356,558,633,1
357,701,28,1
358,9,699,1
359,23,701,1
360,708,703,0
361,712,44,1
362,65,713,0
363,720,122,1
364,724,122,1
365,725,28,1
366,727,717,1
367,654,718,0
368,731,722,0
369,732,723,0
370,735,726,0
371,736,727,1
372,737,438,0
373,740,718,0
374,744,731,1
375,745,124,0
376,747,733,0
377,234,28,1
378,34,737,0
379,751,28,1
380,752,738,0
381,381,739,0
382,754,741,1
383,23,89,1
384,757,649,0
385,61,745,0
386,760,747,1
387,761,553,1
388,762,748,0
389,220,198,1
390,544,9,1
391,768,752,0
392,769,150,1
393,770,753,1
394,771,754,0
395,772,755,0
396,664,389,0
397,13,760,1
398,777,762,0
399,366,766,0
400,782,768,0
401,784,183,1
402,785,770,0
403,697,85,1
404,787,288,0
405,462,28,1
406,789,251,0
407,561,523,0
408,353,410,0
409,579,9,1
410,23,772,1
411,794,282,1
412,800,28,1
413,789,777,0
414,801,3,1
415,803,233,1
416,173,781,0
417,805,321,1
418,498,309,0
419,806,294,1
420,808,523,0
421,809,226,1
422,812,785,0
423,348,786,0
424,155,170,1
425,818,793,0
426,23,47,1
427,822,796,0
428,475,754,0
429,826,799,0
430,827,800,0
431,829,802,0
432,736,44,1
433,728,803,1
434,23,804,1
435,99,9,1
436,643,407,0
437,830,9,1
438,388,805,0
439,475,301,0
440,69,207,1
441,173,808,0
442,32,28,1
443,409,810,0
444,839,9,1
445,840,28,1
446,466,813,1
447,841,814,0
448,409,418,0
449,842,28,1
450,843,44,1
451,89,466,1
452,653,28,1
453,848,9,1
454,850,28,1
455,23,821,1
456,853,822,0
457,855,9,1
458,108,561,0
459,858,825,1
460,859,28,1
461,23,183,1
462,74,44,1
463,862,9,1
464,864,28,1
465,368,4,0
466,435,833,0
467,871,587,0
468,872,460,1
469,875,743,0
470,38,95,1
471,877,9,1
472,145,840,1
473,76,9,1
474,882,845,0
475,304,505,0
476,829,717,0
477,884,527,1
478,887,849,0
479,133,157,1
480,9,9,1
481,892,516,1
482,893,857,1
483,894,859,0
484,895,439,0
485,896,3,1
486,561,64,0
487,897,3,1
488,898,198,1
489,900,861,0
490,293,561,0
491,416,9,1
492,901,862,0
493,591,863,0
494,902,28,1
495,904,44,1
496,907,865,0
497,908,209,0
498,911,28,1
499,99,9,1
500,913,62,0
501,915,869,0
502,615,870,0
503,916,871,0
504,381,475,0
505,918,28,1
506,919,9,1
507,921,873,0
508,23,565,1
509,38,183,1
510,510,3,1
511,925,97,0
512,927,28,1
513,928,876,0
514,929,9,1
515,65,877,0
516,868,687,0
517,931,28,1
518,936,633,1
519,145,150,1
520,937,884,0
521,868,890,0
522,859,28,1
523,23,459,1
524,634,892,0
525,701,28,1
526,939,28,1
527,13,122,1
528,638,896,0
529,942,558,0
530,517,897,0
531,943,898,0
532,723,662,1
533,944,545,0
534,23,122,1
535,948,461,0
536,952,905,1
537,369,908,0
538,97,910,0
539,958,718,0
540,959,913,0
541,960,914,0
542,961,432,0
543,966,28,1
544,968,919,0
545,423,153,1
546,971,28,1
547,751,28,1
548,477,922,0
549,28,925,0
550,977,386,0
551,978,40,0
552,728,840,1
553,124,516,1
554,438,523,0
555,133,692,1
556,338,929,0
557,986,28,1
558,23,54,1
559,882,843,0
560,992,28,1
561,640,353,0
562,994,935,0
563,9,9,1
564,89,937,1
565,23,44,1
566,999,89,1
567,830,9,1
568,1000,940,0
569,7,288,0
570,1002,941,0
571,653,28,1
572,1006,947,0
573,1007,153,1
574,1010,284,0
575,1012,9,1
576,754,950,1
577,1013,118,1
578,1014,350,0
579,1015,86,1
580,1016,952,1
581,431,28,1
582,1017,28,1
583,684,70,0
584,448,9,1
585,463,956,0
586,1019,3,1
587,631,28,1
588,1020,531,0
589,1021,737,0
590,441,9,1
591,882,962,0
592,25,963,0
593,23,964,1
594,7,935,0
595,1025,965,0
596,1026,3,1
597,1027,692,1
598,1028,309,1
599,1030,558,1
600,23,974,1
601,74,565,1
602,1032,89,1
603,1033,460,1
604,1034,975,0
605,149,313,0
606,23,977,1
607,230,3,1
608,1039,733,0
609,173,983,0
610,1040,85,1
611,1041,9,1
612,466,990,1
613,388,993,0
614,1048,431,0
615,1019,3,1
616,477,743,0
617,23,922,1
618,1050,996,0
619,234,28,1
620,1052,106,1
621,23,44,1
622,283,999,1
623,1054,1000,0
624,1055,89,1
625,1056,89,1
626,472,488,0
627,653,28,1
628,1061,599,0
629,518,376,0
630,777,1002,0
631,521,85,1
632,859,5,1
633,1065,974,1
634,1066,282,1
635,1067,9,1
636,1068,718,0
637,23,1003,1
638,1072,1007,0
639,293,107,0
640,1073,44,1
641,1074,3,1
642,634,1008,0
643,1076,28,1
644,1078,3,1
645,199,331,0
646,282,877,0
647,392,9,1
648,1082,3,1
649,353,1015,0
650,655,28,1
651,875,64,0
652,441,9,1
653,1087,202,1
654,803,1022,1
655,85,747,0
656,1099,1030,0
657,887,28,0
658,366,583,0
659,1105,795,0
660,701,28,1
661,420,3,1
662,1116,1002,0
663,1117,9,1
664,942,198,0
665,944,175,0
666,155,760,1
667,23,985,1
668,1125,419,1
669,1126,9,1
670,72,597,0
671,1128,1047,0
672,887,676,0
673,1129,743,0
674,829,1049,0
675,26,426,0
676,1135,1052,0
677,1142,1058,0
678,32,28,1
679,1145,89,1
680,981,1062,1
681,986,28,1
682,438,1063,0
683,1147,530,0
684,897,439,1
685,882,174,0
686,179,840,1
687,89,9,1
688,1151,1071,0
689,1078,3,1
690,416,1074,1
691,1071,1076,0
692,276,4,0
693,18,3,1
694,853,1077,0
695,133,1080,1
696,87,922,0
697,1157,1081,0
698,1158,1082,0
699,1159,202,1
700,1041,9,1
701,32,28,1
702,859,28,1
703,1164,553,1
704,1165,1087,1
705,1167,685,0
706,1168,293,0
707,1169,1088,0
708,839,41,1
709,1173,18,0
710,1174,124,0
711,417,1091,0
712,1177,198,1
713,1179,1094,0
714,1181,40,1
715,7,1099,0
716,1184,72,0
717,1185,85,1
718,1188,85,1
719,1189,9,1
720,9,959,1
721,1191,85,1
722,1192,1102,0
723,1193,439,1
724,25,603,0
725,23,1107,1
726,477,461,0
727,1195,118,1
728,432,353,1
729,1199,153,1
730,1200,915,1
731,1201,1109,0
732,185,9,1
733,1202,297,1
734,107,202,1
735,23,378,1
736,1205,1113,0
737,1206,28,1
738,74,441,1
739,1214,9,1
740,26,843,0
741,1215,337,0
742,23,47,1
743,145,1117,1
744,107,202,1
745,76,9,1
746,1191,124,1
747,409,1118,0
748,145,9,1
749,1226,294,0
750,617,28,1
751,1056,89,1
752,409,16,0
753,1228,28,1
754,199,409,0
755,1231,1122,0
756,381,1123,0
757,76,1124,1
758,1233,28,1
759,1234,1126,0
760,981,114,1
761,23,719,1
762,1235,1127,0
763,927,28,1
764,579,207,1
765,961,1129,0
766,1242,92,0
767,85,1135,0
768,1244,92,0
769,1246,36,1
770,1247,685,0
771,1250,28,1
772,220,28,1
773,462,28,1
774,1252,1142,0
775,1254,1146,0
776,1257,3,1
777,1259,268,0
778,30,466,1
779,416,319,1
780,1265,830,0
781,767,261,0
782,536,1152,0
783,571,1153,0
784,1268,1156,0
785,85,1159,0
786,31,1160,0
787,1271,1062,0
788,23,1162,1
789,999,89,1
790,1273,20,0
791,1274,9,1
792,13,1163,1
793,1279,28,1
794,1280,1166,0
795,1282,9,1
796,1285,439,1
797,1288,713,0
798,23,1170,1
799,1265,717,0
800,1290,752,0
801,1291,765,0
802,1292,85,1
803,1294,28,1
804,1295,1173,0
805,339,675,0
806,466,9,1
807,1297,439,1
808,582,1178,0
809,220,28,1
810,23,44,1
811,808,494,0
812,1304,28,1
813,1305,9,1
814,1306,1182,0
815,1307,28,1
816,47,44,1
817,23,1183,1
818,7,60,0
819,334,1185,0
820,1311,322,1
821,1015,475,1
822,25,843,0
823,986,18,1
824,1317,9,1
825,1320,28,1
826,9,670,1
827,1298,1102,0
828,1322,1193,0
829,1323,565,1
830,240,28,1
831,1324,439,0
832,319,1197,1
833,1326,175,0
834,140,1199,0
835,1330,44,1
836,1076,28,1
837,1331,319,1
838,1334,209,0
839,1337,28,1
840,139,914,0
841,1340,1204,0
842,23,656,1
843,76,9,1
844,9,9,1
845,1341,247,0
846,1343,1206,0
847,23,126,1
848,1347,1208,0
849,1348,614,0
850,800,28,1
851,631,198,1
852,1352,67,0
853,145,9,1
854,96,1213,1
855,842,28,1
856,1356,1214,0
857,1357,1215,0
858,76,967,1
859,1362,9,1
860,868,1222,0
861,1364,232,0
862,1366,475,1
863,1368,28,1
864,1370,9,1
865,1371,716,0
866,92,480,0
867,108,225,0
868,373,1232,0
869,631,28,1
870,240,28,1
871,1337,28,1
872,489,1235,1
873,1383,28,1
874,508,948,0
875,366,1242,0
876,1385,9,1
877,1386,282,1
878,366,1243,0
879,1387,28,1
880,705,1095,1
881,263,9,1
882,263,9,1
883,634,362,0
884,1389,460,1
885,1390,649,0
886,1348,160,0
887,1393,1214,0
888,1343,1246,0
889,1395,1247,1
890,65,1192,0
891,1100,353,0
892,26,232,0
893,1387,28,1
894,1397,93,1
895,445,28,1
896,1400,1250,0
897,829,1251,0
898,1402,1257,0
899,1228,28,1
900,653,28,1
901,23,1261,1
902,929,9,1
903,34,42,0
904,986,28,1
905,1408,903,1
906,1409,44,1
907,701,28,1
908,1411,1095,1
909,529,1152,0
910,1413,85,1
911,1416,28,1
912,381,63,0
913,754,145,1
914,274,1076,0
915,1419,28,1
916,1340,893,0
917,1420,494,1
918,1422,3,1
919,1423,226,1
920,1425,28,1
921,312,3,1
922,155,80,1
923,1427,1270,0
924,1132,1272,0
925,1429,124,0
926,1431,9,1
927,155,1275,1
928,889,251,0
929,23,1276,1
930,1433,1277,1
931,631,28,1
932,9,9,1
933,1438,261,0
934,1442,28,1
935,939,28,1
936,634,75,0
937,189,198,1
938,466,1281,1
939,1443,1094,0
940,212,781,0
941,1275,35,0
942,1447,209,0
943,1449,442,1
944,1451,1284,0
945,25,1286,0
946,1452,198,1
947,1454,1287,0
948,574,1234,0
949,544,9,1
950,1018,1022,1
951,1457,279,1
952,610,233,1
953,1458,9,1
954,234,28,1
955,1459,28,1
956,1461,226,1
957,1462,85,1
958,1463,118,1
959,263,9,1
960,466,719,1
961,1465,599,0
962,615,1296,0
963,293,822,0
964,1470,753,1
965,1471,28,1
966,1472,1297,0
967,694,1121,0
968,1474,135,0
969,570,882,0
970,25,1300,0
971,134,1301,0
972,1476,1110,0
973,1439,493,0
974,803,1304,1
975,1480,1251,0
976,579,9,1
977,1129,1307,0
978,32,28,1
979,1485,1004,1
980,1486,56,0
981,728,164,1
982,1490,948,0
983,154,44,1
984,1491,1311,0
985,1492,587,0
986,1494,310,0
987,1233,28,1
988,1496,1313,0
989,1497,28,1
990,1045,1314,0
991,23,1317,1
992,1499,974,0
993,1500,89,1
994,1502,1318,0
995,23,1319,1
996,887,1320,0
997,1503,28,1
998,477,1321,0
999,30,9,1
1000,767,914,0
1001,1504,410,0
1002,1356,1323,0
1003,1363,344,0
1004,222,1324,0
1005,529,1088,0
1006,424,1325,0
1007,373,996,0
1008,23,1327,1
1009,1508,1328,0
1010,608,28,1
1011,1510,81,1
1012,1511,778,0
1013,1512,1055,0
1014,1513,87,1
1015,25,1098,0
1016,728,9,1
1017,1516,28,1
1018,825,890,1
1019,1517,1331,0
1020,902,28,1
1021,34,1205,0
1022,385,428,0
1023,1076,28,1
1024,23,1213,1
1025,477,1075,0
1026,1472,433,0
1027,435,1335,0
1028,341,28,1
1029,416,9,1
1030,30,714,1
1031,1520,1196,1
1032,23,1337,1
1033,9,473,1
1034,896,3,1
1035,23,1247,1
1036,27,1339,0
1037,465,3,1
1038,1522,1340,1
1039,1523,1341,0
1040,89,9,1
1041,1525,258,1
1042,1128,1342,0
1043,1526,3,1
1044,31,1343,0
1045,1528,118,1
1046,1529,1346,1
1047,1531,174,0
1048,317,1165,1
1049,939,5,1
1050,1534,9,1
1051,515,297,1
1052,757,417,0
1053,412,491,0
1054,1539,1355,0
1055,1540,1356,0
1056,928,1314,0
1057,1541,89,1
1058,1546,321,1
1059,1547,87,1
1060,1343,747,0
1061,966,28,1
1062,1557,1362,0
1063,1558,974,0
1064,1560,1350,0
1065,1561,1115,1
1066,1557,1364,0
1067,60,1365,0
1068,1563,9,1
1069,620,9,1
1070,1503,28,1
1071,1565,1367,0
1072,280,72,0
1073,1566,1369,0
1074,1522,220,1
1075,1573,1378,0
1076,304,1379,0
1077,545,28,1
1078,23,1380,1
1079,1575,226,1
1080,1577,1381,0
1081,1578,63,0
1082,1065,62,1
1083,1579,1382,0
1084,1580,538,0
1085,1228,28,1
1086,1348,679,0
1087,1585,1384,1
1088,1586,718,0
1089,1588,432,0
1090,1590,1387,0
1091,68,587,0
1092,1317,9,1
1093,1275,27,0
1094,801,3,1
1095,23,11,1
1096,23,154,1
1097,1594,85,1
1098,222,869,0
1099,1431,150,1
1100,1191,1393,1
1101,1596,692,1
1102,571,1146,0
1103,1597,258,1
1104,23,1395,1
1105,1598,44,1
1106,188,649,0
1107,1502,1301,0
1108,1601,9,1
1109,1015,315,1
1110,247,258,1
1111,76,446,1
1112,151,89,1
1113,1606,154,1
1114,1607,523,0
1115,1608,1401,0
1116,1610,1056,0
1117,1611,1142,0
1118,23,1403,1
1119,817,48,0
1120,1579,20,0
1121,1615,1321,0
1122,274,500,0
1123,140,1405,0
1124,226,28,1
1125,653,28,1
1126,1618,44,1
1127,125,1406,0
1128,499,425,1
1129,74,1407,1
1130,1622,1409,0
1131,1623,1410,0
1132,23,1411,1
1133,1332,1179,0
1134,1573,432,0
1135,57,237,0
1136,875,60,0
1137,1626,85,1
1138,1627,1414,0
1139,1628,28,1
1140,1014,739,0
1141,1065,117,1
1142,169,721,1
1143,1633,1349,1
1144,1634,530,0
1145,859,28,1
1146,278,473,1
1147,654,1296,0
1148,1638,1419,0
1149,38,1420,1
1150,1639,63,0
1151,373,1394,0
1152,1457,674,1
1153,712,44,1
1154,1642,256,1
1155,54,1422,1
1156,23,87,1
1157,864,28,1
1158,1633,1162,1
1159,1275,1192,0
1160,1648,1427,0
1161,567,864,0
1162,936,150,1
1163,1650,106,1
1164,1651,198,0
1165,1653,1431,0
1166,124,220,1
1167,1387,28,1
1168,1656,44,1
1169,1639,1434,0
1170,1659,1436,0
1171,1660,442,1
1172,1662,1381,0
1173,417,389,0
1174,739,597,0
1175,1451,75,0
1176,981,1124,1
1177,800,28,1
1178,1664,85,1
1179,1665,1441,0
1180,1668,9,1
1181,1419,28,1
1182,558,341,1
1183,11,51,0
1184,1671,85,1
1185,1459,28,1
1186,1672,106,1
1187,1673,497,1
1188,1675,446,1
1189,579,9,1
1190,1678,1194,0
1191,615,1173,0
1192,472,1444,0
1193,882,178,0
1194,579,319,1
1195,939,5,1
1196,1682,873,0
1197,191,3,1
1198,475,713,0
1199,6,1446,0
1200,1686,407,1
1201,927,28,1
1202,728,9,1
1203,1690,1051,1
1204,1693,565,1
1205,1694,810,0
1206,1695,321,1
1207,916,299,0
1208,9,9,1
1209,925,1447,0
1210,339,1173,0
1211,1238,1337,0
1212,73,246,0
1213,1700,1283,0
1214,220,28,1
1215,648,28,1
1216,1032,89,1
1217,1704,301,1
1218,1476,750,0
1219,728,150,1
1220,1000,556,0
1221,582,1215,0
1222,1709,1056,0
1223,1713,28,1
1224,223,28,1
1225,1715,43,0
1226,1718,56,0
1227,1285,439,1
1228,198,1456,1
1229,610,9,1
1230,65,35,0
1231,450,553,1
1232,1720,1458,0
1233,896,3,1
1234,999,717,1
1235,1723,1071,1
1236,690,1461,1
1237,1724,1206,0
1238,472,538,0
1239,1726,1094,0
1240,472,1462,0
1241,404,1463,0
1242,1729,3,1
1243,1730,773,0
1244,1732,1464,0
1245,3,3,1
1246,136,301,0
1247,466,413,1
1248,1733,28,1
1249,1734,726,0
1250,65,1467,0
1251,1736,28,1
1252,1294,5,1
1253,23,1022,1
1254,751,28,1
1255,1387,28,1
1256,23,3,1
1257,149,1468,0
1258,817,837,0
1259,1737,439,1
1260,223,28,1
1261,803,613,1
1262,631,28,1
1263,1741,118,1
1264,1742,1037,1
1265,61,1471,0
1266,445,28,1
1267,466,183,1
1268,716,1473,0
1269,593,89,1
1270,191,3,1
1271,1746,461,0
1272,26,754,0
1273,121,78,0
1274,317,9,1
1275,1726,1474,0
1276,1579,18,0
1277,25,1063,0
1278,1129,1475,0
1279,1747,28,1
1280,1748,386,0
1281,1749,631,0
1282,1750,1091,0
1283,1754,9,1
1284,31,1110,0
1285,23,170,1
1286,631,28,1
1287,1756,442,1
1288,26,1429,0
1289,1759,3,1
1290,1760,3,0
1291,1761,1482,0
1292,1341,175,0
1293,1762,1142,0
1294,1763,9,1
1295,30,9,1
1296,929,9,1
1297,764,1463,0
1298,477,509,0
1299,762,1318,0
1300,1769,1303,0
1301,1126,837,1
1302,603,133,0
1303,25,191,0
1304,25,237,0
1305,999,717,1
1306,319,1242,1
1307,1776,688,1
1308,54,1422,1
1309,1779,28,1
1310,1233,28,1
1311,1189,9,1
1312,499,3,1
1313,355,1491,0
1314,1169,285,0
1315,215,922,0
1316,1783,188,1
1317,1785,784,0
1318,1786,60,0
1319,664,1189,0
1320,199,1382,0
1321,582,1022,0
1322,1788,256,1
1323,1508,1166,0
1324,1326,88,0
1325,1792,553,1
1326,1340,1297,0
1327,1793,1497,0
1328,645,28,1
1329,971,28,1
1330,13,153,1
1331,1796,89,1
1332,1798,718,0
1333,701,28,1
1334,480,859,0
1335,23,513,1
1336,431,28,1
1337,929,9,1
1338,1804,737,0
1339,593,89,1
1340,136,1502,0
1341,283,999,1
1342,23,717,1
1343,1806,28,1
1344,1808,1262,1
1345,366,862,0
1346,1272,1503,0
1347,412,948,0
1348,518,1506,0
1349,23,1507,1
1350,1570,765,0
1351,1776,770,0
1352,99,455,1
1353,911,5,1
1354,1817,433,0
1355,1326,385,0
1356,1821,1384,1
1357,1822,390,1
1358,1823,439,1
1359,529,299,0
1360,1102,497,1
1361,1824,256,1
1362,1825,1385,0
1363,151,89,1
1364,150,160,0
1365,1826,1356,0
1366,1827,413,1
1367,545,28,1
1368,623,871,0
1369,23,271,1
1370,23,44,1
1371,825,359,1
1372,1337,28,1
1373,4,748,0
1374,1831,28,1
1375,1832,799,0
1376,9,9,1
1377,13,1517,1
1378,406,923,0
1379,1836,475,1
1380,1151,245,0
1381,808,544,0
1382,1838,28,1
1383,1839,9,1
1384,1694,310,0
1385,518,28,1
1386,1840,952,1
1387,25,297,0
1388,1842,1524,0
1389,1332,1189,0
1390,23,1526,1
1391,1845,718,0
1392,237,417,0
1393,604,1110,0
1394,1846,1527,0
1395,1579,739,0
1396,728,9,1
1397,116,1531,0
1398,127,3,1
1399,803,958,1
1400,1852,992,0
1401,405,1022,1
1402,1853,1534,0
1403,1742,1037,1
1404,907,430,0
1405,475,417,0
1406,1856,457,1
1407,1857,829,0
1408,450,226,1
1409,353,117,0
1410,1860,1539,1
1411,247,258,1
1412,345,3,1
1413,1863,282,1
1414,1864,1367,0
1415,1866,1413,0
1416,169,527,1
1417,1429,871,0
1418,1870,1545,0
1419,420,3,1
1420,1873,28,1
1421,220,28,1
1422,939,28,1
1423,353,1070,0
1424,1882,9,1
1425,26,1553,0
1426,1608,1250,0
1427,1885,460,1
1428,1886,718,0
1429,23,3,1
1430,825,81,1
1431,1891,293,0
1432,119,1554,0
1433,1893,1321,0
1434,23,1561,1
1435,33,28,1
1436,1522,104,1
1437,1894,1562,0
1438,1895,947,0
1439,381,1563,0
1440,1896,28,1
1441,577,419,1
1442,489,778,1
1443,26,292,0
1444,23,85,1
1445,1901,9,1
1446,561,1569,0
1447,1904,434,0
1448,1905,9,1
1449,1906,586,0
1450,1792,753,1
1451,1907,282,1
1452,1908,1570,0
1453,4,1571,0
1454,1911,1384,1
1455,1476,1574,0
1456,23,623,1
1457,4,1575,0
1458,540,1380,1
1459,1913,9,1
1460,1914,718,0
1461,1915,683,0
1462,145,1579,1
1463,145,150,1
1464,149,5,0
1465,1918,1280,0
1466,76,9,1
1467,212,1580,0
1468,476,1384,1
1469,409,1581,0
1470,1034,1515,0
1471,1920,1582,0
1472,1921,251,1
1473,99,9,1
1474,1922,558,1
1475,1923,202,1
1476,579,699,1
1477,1924,1313,0
1478,1925,32,0
1479,653,28,1
1480,1926,1583,0
1481,1927,929,0
1482,611,565,1
1483,558,341,1
1484,1472,893,0
1485,1932,1107,0
1486,1935,1585,0
1487,471,381,0
1488,676,3,1
1489,882,301,0
1490,72,1586,0
1491,931,1587,1
1492,1102,1056,1
1493,31,340,0
1494,1937,1044,0
1495,1938,1588,0
1496,378,750,0
1497,1205,1102,0
1498,641,1355,0
1499,762,910,0
1500,1501,897,0
1501,1046,1000,0
1502,475,1007,0
1503,1943,1095,1
1504,1508,663,0
1505,751,28,1
1506,1946,959,0
1507,140,889,0
1508,1128,1280,0
1509,225,1307,0
1510,850,28,1
1511,1205,248,0
1512,1949,9,1
1513,1255,1597,1
1514,23,168,1
1515,7,121,0
1516,1953,28,1
1517,23,147,1
1518,1954,822,0
1519,1406,910,0
1520,1955,556,0
1521,986,28,1
1522,23,589,1
1523,801,3,1
1524,26,301,0
1525,23,439,1
1526,1130,870,0
1527,237,1242,0
1528,427,1552,0
1529,133,281,1
1530,1958,147,1
1531,472,136,0
1532,615,198,0
1533,26,1601,0
1534,1961,458,0
1535,1962,1602,0
1536,916,1603,0
1537,339,1458,0
1538,23,1605,1
1539,1966,1608,1
1540,1967,1393,0
1541,331,1610,1
1542,594,679,0
1543,987,63,0
1544,145,9,1
1545,99,959,1
1546,762,786,0
1547,445,28,1
1548,206,28,1
1549,41,359,1
1550,1971,1615,0
1551,57,1426,0
1552,1326,1619,0
1553,1973,1620,0
1554,868,305,0
1555,25,925,0
1556,1975,1622,0
1557,431,28,1
1558,825,1232,1
1559,423,153,1
1560,416,1624,1
1561,445,28,1
1562,1979,28,1
1563,1980,1052,0
1564,1975,1628,0
1565,1983,3,1
1566,468,1629,0
1567,1984,48,0
1568,1986,1384,1
1569,1988,28,1
1570,1500,89,1
1571,1989,871,0
1572,23,558,1
1573,609,598,0
1574,1995,28,1
1575,462,28,1
1576,1579,663,0
1577,1105,220,0
1578,623,940,0
1579,1996,297,1
1580,654,1636,0
1581,1076,28,1
1582,728,9,1
1583,981,150,1
1584,18,3,1
1585,2002,317,1
1586,932,1385,0
1587,1168,576,0
1588,2007,1643,0
1589,2010,321,1
1590,9,9,1
1591,638,24,0
1592,1927,1645,0
1593,466,1553,1
1594,1362,9,1
1595,38,183,1
1596,145,9,1
1597,620,959,1
1598,23,1649,1
1599,586,739,0
1600,94,202,1
1601,2018,118,1
1602,25,975,0
1603,653,28,1
1604,2021,103,0
1605,1348,796,0
1606,2024,688,1
1607,1857,1655,0
1608,2025,726,0
1609,23,252,1
1610,276,748,0
1611,639,255,1
1612,466,1658,1
1613,1818,1659,0
1614,2033,1662,0
1615,1497,5,1
1616,438,1300,0
1617,61,1531,0
1618,472,743,0
1619,108,822,0
1620,782,426,0
1621,1259,1664,0
1622,184,587,0
1623,155,282,1
1624,311,1666,0
1625,1019,3,1
1626,1497,28,1
1627,518,28,1
1628,2037,28,1
1629,23,566,1
1630,823,1668,1
1631,185,9,1
1632,2038,494,1
1633,23,821,1
1634,133,452,1
1635,2040,28,1
1636,2042,5,0
1637,1130,1552,0
1638,624,150,1
1639,2044,718,0
1640,99,9,1
1641,817,810,0
1642,1228,28,1
1643,405,442,1
1644,902,28,1
1645,1459,28,1
1646,1000,64,0
1647,208,28,1
1648,822,64,0
1649,30,9,1
1650,2048,321,1
1651,2049,558,0
1652,2050,1446,0
1653,2053,1464,0
1654,1963,1502,0
1655,2054,87,1
1656,2055,85,1
1657,2056,28,1
1658,161,670,1
1659,25,1677,0
1660,2058,9,1
1661,2059,1498,0
1662,2061,445,0
1663,648,28,1
1664,2062,1227,1
1665,438,14,0
1666,23,168,1
1667,2065,688,1
1668,31,1334,0
1669,1226,1282,0
1670,2066,558,0
1671,793,170,1
1672,2068,748,0
1673,629,28,1
1674,2071,28,1
1675,2072,538,0
1676,69,9,1
1677,1478,18,1
1678,645,28,1
1679,2073,553,1
1680,23,1683,1
1681,2075,1152,0
1682,31,1690,0
1683,2080,41,1
1684,768,79,0
1685,477,491,0
1686,1864,679,0
1687,932,1693,0
1688,664,1047,0
1689,1694,975,0
1690,966,28,1
1691,2083,565,1
1692,2084,687,0
1693,9,9,1
1694,38,871,1
1695,23,297,1
1696,223,28,1
1697,2086,1243,0
1698,2089,334,0
1699,767,870,0
1700,416,446,1
1701,416,319,1
1702,435,1365,0
1703,2090,28,1
1704,23,250,1
1705,868,1700,0
1706,2092,460,1
1707,76,1702,1
1708,2093,9,1
1709,904,44,1
1710,94,539,1
1711,881,245,0
1712,2095,1705,0
1713,2097,718,0
1714,1458,903,1
1715,23,1708,1
1716,1559,1109,0
1717,475,1710,0
1718,707,56,0
1719,536,1192,0
1720,2104,288,0
1721,2106,183,1
1722,2107,1713,0
1723,1294,28,1
1724,6,54,0
1725,26,495,0
1726,2111,696,0
1727,2112,1715,0
1728,2113,79,0
1729,2114,505,0
1730,57,121,0
1731,23,1719,1
1732,9,9,1
1733,470,475,1
1734,46,54,0
1735,357,1725,0
1736,2119,223,0
1737,2120,1434,0
1738,25,1361,0
1739,2122,1716,1
1740,23,1728,1
1741,1497,28,1
1742,2125,153,1
1743,1925,1617,0
1744,2126,251,1
1745,23,1730,1
1746,825,413,1
1747,9,670,1
1748,2127,1731,0
1749,219,1380,1
1750,2129,1022,0
1751,2132,1076,0
1752,65,1007,0
1753,1696,845,0
1754,1041,9,1
1755,448,9,1
1756,1927,285,0
1757,1864,178,0
1758,2136,9,1
1759,145,1735,1
1760,47,1739,1
1761,463,17,0
1762,902,28,1
1763,2042,237,0
1764,1128,890,0
1765,2141,258,1
1766,2142,81,1
1767,23,89,1
1768,341,28,1
1769,1838,28,1
1770,1523,1745,0
1771,23,40,1
1772,72,396,0
1773,23,487,1
1774,1527,1749,0
1775,2146,305,0
1776,645,28,1
1777,1033,44,1
1778,2150,1598,0
1779,1451,837,0
1780,312,3,1
1781,1265,802,0
1782,1723,198,1
1783,2152,9,1
1784,1726,806,0
1785,1545,293,0
1786,767,1753,0
1787,2154,1056,0
1788,368,1571,0
1789,1065,220,1
1790,2158,442,1
1791,927,28,1
1792,2159,122,1
1793,2161,1524,0
1794,2164,297,0
1795,2165,914,0
1796,2167,28,1
1797,613,28,1
1798,2169,532,0
1799,9,1616,1
1800,605,28,1
1801,634,196,0
1802,87,1758,0
1803,1320,28,1
1804,348,1636,0
1805,23,1759,1
1806,23,1760,1
1807,2172,9,1
1808,2174,9,1
1809,1487,461,0
1810,639,1051,1
1811,1315,44,1
1812,1063,28,1
1813,341,28,1
1814,30,662,1
1815,481,350,0
1816,345,3,1
1817,30,643,1
1818,2182,340,0
1819,679,476,0
1820,65,344,0
1821,2184,9,1
1822,874,156,0
1823,2185,1657,0
1824,789,1492,0
1825,1730,67,0
1826,1709,1007,0
1827,341,28,1
1828,2190,898,1
1829,205,104,0
1830,2192,9,1
1831,1451,589,0
1832,2194,1772,0
1833,409,1773,0
1834,2195,475,1
1835,234,5,1
1836,2196,1463,0
1837,409,48,0
1838,119,1774,0
1839,2200,9,1
1840,472,237,0
1841,2201,244,1
1842,2202,81,1
1843,2204,549,0
1844,2207,1777,0
1845,2209,407,1
1846,2211,864,0
1847,2212,118,1
1848,2208,247,0
1849,2213,1780,0
1850,2214,9,1
1851,882,35,0
1852,426,60,0
1853,1871,202,1
1854,605,5,1
1855,74,153,1
1856,2216,28,1
1857,2220,3,1
1858,2221,309,0
1859,234,28,1
1860,2222,718,0
1861,198,719,1
1862,2226,1725,0
1863,2227,718,0
1864,2228,1600,0
1865,317,146,1
1866,293,1367,0
1867,2233,1786,0
1868,18,3,1
1869,2234,149,0
1870,727,89,1
1871,615,674,0
1872,634,837,0
1873,2237,460,1
1874,736,727,1
1875,9,145,1
1876,2240,207,0
1877,2241,282,1
1878,103,27,0
1879,16,1154,0
1880,289,9,1
1881,2242,213,0
1882,620,9,1
1883,508,1789,0
1884,272,762,0
1885,124,1242,1
1886,409,532,0
1887,671,556,0
1888,363,305,1
1889,43,154,1
1890,1661,1520,0
1891,2253,869,0
1892,1435,658,0
1893,2254,1794,0
1894,1199,256,1
1895,462,28,1
1896,220,28,1
1897,462,28,1
1898,68,1098,0
1899,2255,1314,0
1900,1043,9,1
1901,1559,614,0
1902,2165,245,0
1903,1793,93,0
1904,388,1657,0
1905,13,1095,1
1906,2259,43,0
1907,2260,1384,1
1908,1756,256,1
1909,85,864,0
1910,610,643,1
1911,875,1798,0
1912,655,28,1
1913,353,1570,0
1914,338,1799,0
1915,671,60,0
1916,38,183,1
1917,9,9,1
1918,2264,1801,0
1919,23,1276,1
1920,982,1337,0
1921,462,28,1
1922,276,1710,0
1923,1903,1803,0
1924,1275,925,0
1925,2267,1798,1
1926,2268,625,0
1927,521,41,1
1928,2269,1250,0
1929,2271,118,1
1930,2273,959,1
1931,2276,89,1
1932,415,1447,0
1933,1015,1262,1
1934,2278,1384,1
1935,9,446,1
1936,23,1805,1
1937,1206,28,1
1938,38,95,1
1939,23,1806,1
1940,1061,509,0
1941,645,28,1
1942,23,1808,1
1943,648,28,1
1944,2281,442,1
1945,916,1615,0
1946,1364,1812,0
1947,2127,1377,0
1948,2283,718,0
1949,230,3,1
1950,2285,9,1
1951,1199,516,1
1952,9,9,1
1953,2288,154,1
1954,2289,1385,0
1955,23,1815,1
1956,1729,3,1
1957,319,974,1
1958,762,992,0
1959,662,1664,0
1960,2292,1816,0
1961,331,114,1
1962,2293,1817,0
1963,1281,1818,1
1964,2208,337,0
1965,708,175,0
1966,263,319,1
1967,1566,1080,0
1968,2304,923,1
1969,370,985,0
1970,2307,957,1
1971,282,491,0
1972,1244,212,0
1973,2114,810,0
1974,2309,1062,0
1975,1642,256,1
1976,942,93,0
1977,466,1826,1
1978,2310,9,1
1979,1318,1444,0
1980,2311,1118,0
1981,1707,1827,0
1982,23,1304,1
1983,9,164,1
1984,348,213,0
1985,2315,282,1
1986,370,737,0
1987,1888,1109,1
1988,1559,114,0
1989,1653,1222,0
1990,648,28,1
1991,438,1098,0
1992,184,687,0
1993,354,28,1
1994,2322,1829,0
1995,1509,974,1
1996,510,3,1
1997,222,1075,0
1998,76,967,1
1999,2324,1733,0
2000,694,663,0
2001,1364,1429,0
2002,1387,28,1
2003,23,565,1
2004,2327,44,1
2005,1100,1510,0
2006,202,634,0
2007,293,687,0
2008,89,699,1
2009,2220,3,1
2010,68,1835,0
2011,2332,825,1
2012,2333,28,1
2013,2334,1837,0
2014,237,1269,0
2015,971,28,1
2016,25,221,0
2017,2336,419,0
2018,341,28,1
2019,544,233,1
2020,2339,963,1
2021,185,28,1
2022,2340,562,1
2023,1723,28,1
2024,87,1840,0
2025,9,840,1
2026,2347,403,0
2027,25,929,0
2028,280,568,0
2029,518,1299,0
2030,1476,1063,0
2031,1539,350,0
2032,23,1845,1
2033,355,89,0
2034,1461,226,1
2035,28,862,0
2036,23,1261,1
2037,9,699,1
2038,1924,1515,0
2039,610,9,1
2040,1604,663,0
2041,2354,1848,0
2042,448,9,1
2043,1117,9,1
2044,906,475,1
2045,222,945,0
2046,416,9,1
2047,34,39,0
2048,649,480,0
2049,1852,37,0
2050,2358,1850,0
2051,1076,5,1
2052,267,478,0
2053,1472,1499,0
2054,2361,1135,0
2055,466,1218,1
2056,409,1515,0
2057,480,1355,0
2058,2364,1857,0
2059,2119,1196,0
2060,23,1374,1
2061,2366,9,1
2062,1629,78,0
2063,2370,3,1
2064,2371,565,1
2065,2372,28,1
2066,2234,1859,0
2067,1669,78,0
2068,2373,1860,0
2069,661,717,0
2070,2376,171,0
2071,1356,1862,0
2072,423,1257,1
2073,2378,1863,0
2074,293,1242,0
2075,1730,635,0
2076,2380,1007,0
2077,2113,591,0
2078,23,9,1
2079,9,9,1
2080,55,943,1
2081,2383,198,1
2082,2384,3,1
2083,240,28,1
2084,634,114,0
2085,2385,256,1
2086,2387,480,0
2087,23,170,1
2088,868,409,0
2089,23,1403,1
2090,2389,153,1
2091,188,105,0
2092,971,28,1
2093,613,28,1
2094,72,1870,0
2095,61,249,0
2096,751,28,1
2097,1337,28,1
2098,2392,1409,0
2099,536,379,0
2100,2393,407,1
2101,2395,1301,0
2102,23,1874,1
2103,18,3,1
2104,2397,1251,0
2105,2398,202,1
2106,1244,126,0
2107,2399,1340,0
2108,249,900,0
2109,25,1265,0
2110,2401,668,0
2111,2402,28,1
2112,2404,1051,1
2113,896,3,1
2114,913,1870,0
2115,263,1702,1
2116,23,721,1
2117,23,9,1
2118,2407,9,1
2119,875,1409,0
2120,2408,418,0
2121,222,1816,0
2122,198,301,1
2123,149,810,0
2124,2296,430,0
2125,1219,569,0
2126,2414,202,1
2127,850,28,1
2128,2415,300,0
2129,2417,1736,0
2130,1078,3,1
2131,2418,1213,1
2132,2424,139,0
2133,645,28,1
2134,624,341,1
2135,966,28,1
2136,208,28,1
2137,184,1756,0
2138,2428,225,1
2139,971,28,1
2140,2398,202,1
2141,1726,1058,0
2142,69,699,1
2143,2433,558,1
2144,96,747,1
2145,198,439,1
2146,2437,9,1
2147,2438,153,1
2148,1207,28,1
2149,23,1880,1
2150,348,418,0
2151,2439,28,1
2152,966,28,1
2153,2442,446,1
2154,46,1330,0
2155,1065,1197,1
2156,2443,590,0
2157,496,48,0
2158,1747,28,1
2159,220,28,1
2160,23,952,1
2161,2444,1882,0
2162,961,1883,0
2163,754,1095,1
2164,641,1215,0
2165,2450,496,0
2166,26,1251,0
2167,2451,28,1
2168,31,1270,0
2169,480,301,0
2170,934,480,0
2171,2452,1384,1
2172,808,1887,0
2173,1100,641,0
2174,89,670,1
2175,928,1888,0
2176,808,1034,0
2177,9,9,1
2178,41,940,0
2179,2454,28,1
2180,99,9,1
2181,230,3,1
2182,2458,256,0
2183,1348,152,0
2184,1932,1165,0
2185,161,1263,1
2186,2461,625,0
2187,638,1890,0
2188,2463,1534,0
2189,1294,198,1
2190,127,3,1
2191,797,1232,0
2192,2464,22,0
2193,1741,1022,1
2194,1517,478,0
2195,779,1733,0
2196,671,104,0
2197,2467,1892,0
2198,1487,63,0
2199,263,9,1
2200,127,3,1
2201,1425,516,1
2202,1690,457,1
2203,68,42,0
2204,2472,9,1
2205,2474,553,1
2206,2475,126,0
2207,634,35,0
2208,76,207,1
2209,25,1895,0
2210,2477,282,1
2211,1607,285,0
2212,2479,1897,0
2213,2123,1898,0
2214,685,178,0
2215,1747,28,1
2216,145,959,1
2217,2465,1475,0
2218,2482,85,1
2219,364,1090,0
2220,43,717,1
2221,2484,1270,0
2222,1307,28,1
2223,1817,863,0
2224,304,985,0
2225,901,1506,0
2226,373,1899,0
2227,2485,553,1
2228,882,1900,0
2229,764,1123,0
2230,23,1702,1
2231,2486,1022,1
2232,384,1901,0
2233,617,28,1
2234,638,1902,0
2235,76,9,1
2236,2492,1848,0
2237,608,28,1
2238,2493,1624,1
2239,708,381,0
2240,1653,922,0
2241,441,9,1
2242,2087,1619,0
2243,1071,1904,0
2244,2495,1197,0
2245,76,9,1
2246,2496,446,1
2247,2498,87,1
2248,9,9,1
2249,2221,1297,0
2250,354,28,1
2251,1812,614,0
2252,441,9,1
2253,1465,160,0
2254,2500,1906,0
2255,2501,485,0
2256,55,244,1
2257,2504,85,1
2258,406,104,0
2259,971,28,1
2260,800,28,1
2261,2508,871,0
2262,594,293,0
2263,2509,1910,1
2264,580,1911,0
2265,2510,1801,0
2266,1071,1912,0
2267,617,28,1
2268,68,1622,0
2269,1265,119,0
2270,610,9,1
2271,155,1468,1
2272,223,5,1
2273,2518,281,1
2274,472,1915,0
2275,2519,87,1
2276,1808,1262,1
2277,829,207,0
2278,438,297,0
2279,66,1515,0
2280,175,251,0
2281,2522,1816,0
2282,1648,991,0
2283,510,3,1
2284,981,9,1
2285,2524,87,1
2286,1408,9,1
2287,2527,1916,0
2288,61,67,0
2289,2472,903,1
2290,133,153,1
2291,1629,1301,0
2292,223,28,1
2293,76,145,1
2294,2528,135,0
2295,424,62,0
2296,610,967,1
2297,209,1165,0
2298,304,1136,0
2299,728,455,1
2300,1189,9,1
2301,192,198,1
2302,1520,1196,1
2303,2535,505,0
2304,2536,841,0
2305,2537,28,1
2306,785,1664,0
2307,2540,9,1
2308,2541,975,0
2309,2543,1786,0
2310,230,3,1
2311,353,330,0
2312,1759,3,1
2313,397,1784,0
2314,199,1370,0
2315,966,28,1
2316,959,646,0
2317,2106,183,1
2318,23,1213,1
2319,593,89,1
2320,701,28,1
2321,76,1466,1
2322,808,1898,0
2323,2547,5,1
2324,654,786,0
2325,2013,270,0
2326,1018,1022,1
2327,2550,89,1
2328,694,935,0
2329,2551,89,1
2330,99,9,1
2331,2552,1554,0
2332,2554,226,1
2333,2555,9,1
2334,293,1919,0
2335,2260,85,1
2336,937,1334,0
2337,2557,9,1
2338,472,1222,0
2339,1056,40,1
2340,924,1920,0
2341,2561,1384,1
2342,1669,114,0
2343,1575,407,1
2344,2563,3,1
2345,1487,265,0
2346,1454,1434,0
2347,1015,1923,1
2348,23,44,1
2349,184,1924,0
2350,23,1925,1
2351,645,28,1
2352,1479,505,0
2353,653,28,1
2354,406,220,0
2355,2572,1037,1
2356,797,410,0
2357,1365,1008,0
2358,82,475,1
2359,2578,1932,0
2360,9,9,1
2361,727,717,1
2362,27,503,0
2363,966,28,1
2364,1491,914,0
2365,179,9,1
2366,1265,1643,0
2367,2581,870,0
2368,76,233,1
2369,2584,475,1
2370,2585,1816,0
2371,341,28,1
2372,859,28,1
2373,1387,28,1
2374,2589,245,0
2375,2590,160,0
2376,2591,1194,0
2377,2592,198,1
2378,1092,527,0
2379,1086,1471,0
2380,2595,1468,0
2381,2597,1218,0
2382,74,1942,1
2383,2470,481,1
2384,544,9,1
2385,2600,310,0
2386,2603,87,1
2387,70,1473,0
2388,23,1943,1
2389,463,589,0
2390,875,588,0
2391,267,126,0
2392,2606,9,1
2393,1840,1935,1
2394,2608,384,0
2395,645,28,1
2396,85,947,0
2397,2609,717,1
2398,2611,282,1
2399,648,28,1
2400,1934,1879,0
2401,240,28,1
2402,1975,1335,0
2403,634,476,0
2404,817,833,0
2405,2613,674,1
2406,2072,1553,0
2407,690,1154,1
2408,1476,1819,0
2409,345,3,1
2410,999,89,1
2411,30,1766,1
2412,1669,85,0
2413,2616,530,0
2414,234,28,1
2415,23,1952,1
2416,107,198,1
2417,1478,28,1
2418,2619,89,1
2419,1116,255,1
2420,929,643,1
2421,65,417,0
2422,2623,191,0
2423,1145,1107,1
2424,9,837,1
2425,620,1009,1
2426,9,662,1
2427,23,1235,1
2428,2625,918,0
2429,2626,209,0
2430,23,1956,1
2431,89,9,1
2432,2629,281,1
2433,1896,28,1
2434,1339,407,1
2435,435,523,0
2436,69,1036,1
2437,23,565,1
2438,839,9,1
2439,1205,1958,0
2440,23,3,1
2441,1608,870,0
2442,1332,884,0
2443,2546,1932,1
2444,2634,1959,1
2445,1817,1960,0
2446,145,959,1
2447,1859,64,0
2448,1723,28,1
2449,1348,1463,0
2450,2253,745,0
2451,1032,89,1
2452,2638,430,0
2453,1041,9,1
2454,2639,897,0
2455,2203,935,0
2456,2641,1471,0
2457,475,1427,0
2458,2642,81,1
2459,782,799,0
2460,2643,44,1
2461,2644,1681,0
2462,2645,1964,0
2463,23,44,1
2464,2132,1348,0
2465,23,1242,1
2466,317,9,1
2467,1406,478,0
2468,219,255,1
2469,2380,614,0
2470,2650,1022,1
2471,956,1799,0
2472,2651,44,1
2473,639,118,1
2474,2655,718,0
2475,603,206,0
2476,1669,487,0
2477,927,28,1
2478,2657,64,0
2479,2658,718,0
2480,448,1616,1
2481,317,643,1
2482,2659,1467,0
2483,1747,28,1
2484,2106,457,1
2485,28,1969,0
2486,2660,631,0
2487,712,760,1
2488,2110,9,1
2489,381,1971,0
2490,1326,107,0
2491,2049,957,0
2492,1425,281,1
2493,2663,388,0
2494,907,915,0
2495,634,1835,0
2496,2667,1384,1
2497,366,104,0
2498,1669,56,0
2499,9,9,1
2500,2660,1179,0
2501,1137,102,0
2502,1838,28,1
2503,1729,3,1
2504,2670,198,1
2505,473,1976,0
2506,114,829,0
2507,705,44,1
2508,1117,9,1
2509,1370,9,1
2510,83,1664,0
2511,198,442,1
2512,92,1978,0
2513,499,3,1
2514,385,1979,0
2515,2678,929,0
2516,1326,1919,0
2517,23,1984,1
2518,2679,44,1
2519,2680,44,1
2520,2681,261,0
2521,661,802,0
2522,222,829,0
2523,1866,1385,0
2524,1776,72,0
2525,2683,1693,0
2526,9,455,1
2527,2686,1574,0
2528,2689,763,0
2529,676,3,1
2530,850,28,1
2531,276,1753,0
2532,2509,1673,1
2533,1056,717,1
2534,2693,301,1
2535,2694,180,0
2536,85,437,0
2537,2697,118,1
2538,23,888,1
2539,2698,213,0
2540,2699,1803,0
2541,23,1815,1
2542,518,28,1
2543,748,1989,0
2544,2703,442,1
2545,754,202,1
2546,423,256,1
2547,2704,1991,0
2548,1539,530,0
2549,2708,1835,0
2550,1792,753,1
2551,2709,270,0
2552,1910,743,0
2553,909,265,0
2554,2711,118,1
2555,809,1004,1
2556,2712,434,0
2557,23,1996,1
2558,76,9,1
2559,603,1242,0
2560,1275,461,0
2561,2221,1997,0
2562,206,28,1
2563,2716,106,1
2564,2717,44,1
2565,416,1884,1
2566,53,28,1
2567,1747,28,1
2568,2472,903,1
2569,517,527,0
2570,1557,261,0
2571,2719,226,1
2572,220,28,1
2573,2720,460,1
2574,653,28,1
2575,599,157,1
2576,2721,256,1
2577,23,1116,1
