,smiles,sequence,interactions
0,2142,81,1
1,131,129,0
2,2217,1783,0
3,2127,1377,0
4,8,504,1
5,2429,1876,0
6,1769,1244,0
7,639,255,1
8,9,9,1
9,2540,9,1
10,961,1129,0
11,1212,1115,1
12,2054,87,1
13,284,3,1
14,754,38,1
15,117,126,1
16,1840,1935,1
17,2410,672,0
18,23,529,1
19,789,777,0
20,14,1340,1
21,1317,91,1
22,107,202,1
23,8,226,1
24,549,383,0
25,2627,1955,0
26,1790,1495,0
27,2215,1781,0
28,93,93,1
29,353,410,0
30,1173,18,0
31,658,849,0
32,2242,213,0
33,1761,1482,0
34,1642,256,1
35,407,414,0
36,413,600,0
37,444,598,0
38,409,1118,0
39,754,210,1
40,472,488,0
41,99,9,1
42,200,1368,0
43,737,438,0
44,807,364,1
45,6,54,0
46,2007,1643,0
47,1188,85,1
48,279,9,1
49,2656,703,0
50,33,28,1
51,2320,1820,0
52,119,311,0
53,1320,28,1
54,2220,3,1
55,2548,1030,0
56,432,353,1
57,2013,1647,0
58,529,1338,0
59,490,1961,0
60,117,395,1
61,809,226,1
62,324,1039,1
63,485,488,0
64,63,802,0
65,264,535,0
66,23,1151,1
67,1642,256,1
68,2506,1907,0
69,8,256,1
70,466,9,1
71,2284,775,0
72,191,3,1
73,2058,9,1
74,805,321,1
75,611,565,1
76,23,1815,1
77,2115,1453,0
78,170,174,0
79,826,799,0
80,1138,28,1
81,1404,78,0
82,234,28,1
83,8,871,1
84,14,200,1
85,1326,385,0
86,912,867,0
87,315,652,1
88,9,699,1
89,728,840,1
90,441,9,1
91,1063,211,1
92,1934,788,0
93,523,238,0
94,319,1242,1
95,14,617,1
96,2220,3,1
97,46,54,0
98,485,1102,0
99,1415,374,0
100,828,801,0
101,55,193,1
102,324,1881,1
103,264,275,0
104,1348,679,0
105,1655,1433,0
106,1567,256,1
107,2625,918,0
108,215,922,0
109,1225,407,0
110,14,1732,1
111,1334,1288,0
112,23,399,1
113,103,435,0
114,173,983,0
115,23,76,1
116,202,788,0
117,354,18,1
118,8,1273,1
119,1,883,1
120,883,9,1
121,477,1544,0
122,866,204,0
123,1507,1169,0
124,285,1413,1
125,205,214,0
126,601,491,0
127,999,89,1
128,522,625,0
129,395,1694,0
130,659,1093,0
131,2175,858,0
132,518,376,0
133,1983,398,1
134,8,1594,1
135,1031,1368,0
136,821,1401,0
137,154,44,1
138,14,750,1
139,23,1247,1
140,548,546,0
141,14,601,1
142,1360,591,0
143,23,826,1
144,55,1212,1
145,369,74,0
146,14,217,1
147,803,1022,1
148,1211,150,1
149,475,1427,0
150,1825,1385,0
151,618,565,1
152,1414,182,0
153,68,1098,0
154,124,220,1
155,1443,1094,0
156,1487,461,0
157,2360,1852,0
158,499,3,1
159,1019,3,1
160,707,56,0
161,8,1043,1
162,517,482,0
163,16,1154,0
164,631,28,1
165,189,28,1
166,14,363,1
167,563,891,0
168,508,948,0
169,7,7,0
170,157,601,0
171,2623,191,0
172,58,9,1
173,934,382,0
174,1978,508,0
175,625,292,0
176,554,550,0
177,1503,28,1
178,1025,965,0
179,8,672,1
180,130,9,1
181,734,569,0
182,23,1064,1
183,411,28,1
184,1076,28,1
185,302,1810,0
186,793,170,1
187,325,669,0
188,1884,383,0
189,1709,1007,0
190,2170,1802,0
191,10,10,0
192,2032,1660,0
193,89,937,1
194,1864,132,0
195,198,204,1
196,545,932,0
197,709,352,0
198,234,28,1
199,23,321,1
200,1903,1803,0
201,30,69,1
202,25,1274,0
203,23,1605,1
204,1707,1453,0
205,871,587,0
206,1130,870,0
207,19,678,1
208,222,1489,0
209,2191,561,0
210,2163,647,0
211,367,333,1
212,890,852,0
213,97,910,0
214,868,1224,0
215,94,9,1
216,904,44,1
217,285,274,1
218,306,336,0
219,430,333,0
220,4,1575,0
221,922,153,1
222,815,787,0
223,25,237,0
224,8,319,1
225,2630,986,0
226,829,989,0
227,9,150,1
228,2426,1650,0
229,634,1835,0
230,2208,337,0
231,796,3,1
232,130,69,1
233,47,525,1
234,2196,1463,0
235,339,392,0
236,1000,940,0
237,907,865,0
238,74,153,1
239,155,282,1
240,2380,1007,0
241,447,431,0
242,1569,1998,0
243,882,239,0
244,303,1022,0
245,1648,1427,0
246,689,686,0
247,25,961,0
248,1512,303,0
249,1601,9,1
250,635,635,0
251,25,925,0
252,664,1973,0
253,1730,635,0
254,171,175,0
255,466,236,1
256,466,1326,1
257,1973,1620,0
258,8,1376,1
259,57,1048,0
260,1,1770,1
261,145,274,1
262,196,95,0
263,182,189,0
264,8,3,1
265,8,301,1
266,2247,274,1
267,1418,1266,0
268,23,399,1
269,85,947,0
270,1667,783,0
271,394,196,0
272,682,9,1
273,1937,1044,0
274,1898,482,0
275,144,1073,0
276,8,1400,1
277,291,28,1
278,1992,1537,0
279,251,443,0
280,1818,1659,0
281,2713,1029,1
282,828,1017,0
283,1579,18,0
284,931,28,1
285,648,28,1
286,762,992,0
287,2455,916,0
288,76,1124,1
289,25,560,0
290,89,90,1
291,808,544,0
292,985,911,0
293,1877,211,1
294,1261,382,0
295,1110,1037,1
296,1315,504,1
297,615,198,0
298,339,1173,0
299,1472,433,0
300,822,796,0
301,536,1192,0
302,14,1162,1
303,1961,458,0
304,1570,765,0
305,143,143,1
306,1515,463,0
307,1904,434,0
308,312,3,1
309,1386,282,1
310,1575,226,1
311,23,883,1
312,814,28,1
313,38,183,1
314,2549,134,0
315,1015,86,1
316,631,28,1
317,710,704,0
318,1645,89,1
319,14,31,1
320,499,425,1
321,233,1399,0
322,1690,457,1
323,25,637,0
324,347,350,0
325,974,49,1
326,758,739,0
327,601,365,0
328,50,704,0
329,1141,176,0
330,779,764,0
331,14,126,1
332,920,278,1
333,686,765,0
334,1949,9,1
335,653,28,1
336,14,217,1
337,130,534,1
338,1817,816,0
339,2116,1985,0
340,792,891,0
341,247,258,1
342,1280,1166,0
343,991,9,1
344,8,138,1
345,2501,485,0
346,145,1735,1
347,796,3,1
348,811,1102,0
349,14,851,1
350,8,140,1
351,8,1742,1
352,534,28,1
353,492,496,0
354,23,1682,1
355,552,331,0
356,14,700,1
357,1875,163,0
358,140,889,0
359,1770,920,1
360,1098,9,1
361,477,1321,0
362,221,228,0
363,24,627,1
364,1729,3,1
365,800,28,1
366,378,381,0
367,14,123,1
368,222,285,0
369,2165,245,0
370,1801,808,0
371,8,87,1
372,14,217,1
373,823,1668,1
374,230,3,1
375,38,1171,1
376,986,28,1
377,1088,242,1
378,2563,3,1
379,8,1454,1
380,44,370,1
381,7,653,0
382,2175,1763,0
383,435,523,0
384,984,397,0
385,8,912,1
386,1777,239,0
387,432,435,0
388,83,84,0
389,1935,1585,0
390,560,126,1
391,1,881,1
392,1106,868,1
393,14,880,1
394,31,1270,0
395,438,14,0
396,337,344,1
397,990,122,1
398,1365,1223,0
399,285,338,1
400,322,546,0
401,606,85,1
402,645,28,1
403,838,811,0
404,1705,205,1
405,2111,696,0
406,24,9,1
407,203,1440,1
408,2380,614,0
409,441,9,1
410,1639,63,0
411,2180,194,1
412,33,28,1
413,14,1238,1
414,134,600,0
415,1365,1008,0
416,1332,1189,0
417,939,28,1
418,23,520,1
419,2042,237,0
420,584,858,1
421,623,940,0
422,1112,9,1
423,1668,49,1
424,1794,1498,0
425,2324,1733,0
426,2228,1600,0
427,2002,317,1
428,167,627,1
429,140,1199,0
430,14,9,1
431,14,179,1
432,1965,1606,0
433,1863,282,1
434,208,28,1
435,62,1197,1
436,367,230,1
437,44,753,1
438,1924,1313,0
439,2356,130,1
440,566,274,1
441,8,255,1
442,2095,1705,0
443,1513,87,1
444,145,150,1
445,1182,1098,0
446,677,9,1
447,285,69,1
448,167,842,1
449,1719,3,1
450,157,532,0
451,303,513,0
452,2110,9,1
453,431,28,1
454,8,1059,1
455,285,9,1
456,1476,1063,0
457,14,814,1
458,8,1162,1
459,795,56,0
460,326,336,0
461,1557,1362,0
462,1515,1061,0
463,14,1167,1
464,14,554,1
465,530,529,1
466,2143,1747,0
467,2018,118,1
468,221,1135,0
469,464,730,0
470,409,16,0
471,99,9,1
472,2556,1001,0
473,168,171,0
474,14,217,1
475,130,207,1
476,14,157,1
477,1334,980,0
478,227,233,1
479,641,642,0
480,1018,236,1
481,1900,126,1
482,155,1854,1
483,44,47,1
484,23,1276,1
485,14,217,1
486,1472,1499,0
487,90,91,0
488,203,1209,1
489,1129,151,0
490,68,708,0
491,279,1050,1
492,1995,28,1
493,2631,1079,0
494,277,409,0
495,23,147,1
496,2299,88,0
497,2443,590,0
498,814,3,1
499,8,1417,1
500,1100,641,0
501,697,85,1
502,2422,1060,0
503,1387,28,1
504,2360,1060,0
505,2281,442,1
506,23,1372,1
507,420,3,1
508,591,1484,0
509,708,1505,0
510,322,1448,0
511,1653,1831,0
512,1140,1055,0
513,202,356,0
514,700,355,0
515,1806,28,1
516,1180,734,0
517,312,3,1
518,825,1232,1
519,1415,729,0
520,85,864,0
521,14,1106,1
522,1792,753,1
523,333,104,0
524,1312,1855,0
525,863,829,0
526,8,1684,1
527,161,274,1
528,23,271,1
529,619,9,1
530,925,97,0
531,352,42,0
532,263,1702,1
533,477,491,0
534,1566,1369,0
535,8,399,1
536,757,1949,0
537,721,28,1
538,1294,28,1
539,161,69,1
540,1153,666,0
541,2221,1609,0
542,74,76,1
543,882,174,0
544,730,678,0
545,14,47,1
546,125,124,0
547,2708,1835,0
548,57,121,0
549,1106,1737,1
550,509,1004,1
551,354,28,1
552,30,466,1
553,1422,3,1
554,8,89,1
555,1007,153,1
556,158,142,0
557,256,28,1
558,14,1851,1
559,660,658,0
560,624,150,1
561,675,87,1
562,1355,1021,1
563,2023,1172,0
564,58,29,1
565,32,28,1
566,9,411,1
567,34,1390,0
568,1556,245,0
569,1054,1000,0
570,1374,769,0
571,38,95,1
572,76,233,1
573,1064,1712,0
574,577,28,1
575,368,4,0
576,532,61,0
577,25,191,0
578,2175,234,0
579,8,140,1
580,2298,358,0
581,233,238,0
582,1952,1090,0
583,355,89,0
584,1853,1172,0
585,324,252,1
586,821,1348,0
587,824,798,0
588,161,1263,1
589,664,1047,0
590,2444,1882,0
591,2386,927,0
592,317,9,1
593,2368,1660,0
594,1263,742,0
595,472,743,0
596,1326,1919,0
597,1782,994,0
598,1086,1992,0
599,65,1688,0
600,65,713,0
601,1580,538,0
602,685,178,0
603,438,1240,0
604,2496,446,1
605,751,28,1
606,87,1453,0
607,1950,1390,1
608,192,198,1
609,749,717,1
610,23,1022,1
611,2561,1384,1
612,1608,1250,0
613,324,399,1
614,346,349,1
615,304,1294,0
616,51,1095,1
617,1218,397,1
618,1205,1102,0
619,279,9,1
620,579,9,1
621,8,627,1
622,2106,183,1
623,1495,987,0
624,916,1603,0
625,518,520,0
626,167,692,1
627,148,696,0
628,2667,1384,1
629,8,69,1
630,14,449,1
631,14,1523,1
632,657,1206,0
633,14,1987,1
634,562,94,0
635,1872,44,1
636,849,226,1
637,256,28,1
638,101,795,0
639,301,153,1
640,1436,89,1
641,2040,28,1
642,1102,497,1
643,1423,226,1
644,173,537,0
645,2101,923,0
646,1234,1126,0
647,1533,739,0
648,2338,1617,0
649,25,1079,0
650,932,1693,0
651,197,948,0
652,1771,981,0
653,1723,28,1
654,762,748,0
655,604,1110,0
656,8,1345,1
657,1314,729,0
658,1099,1030,0
659,1325,1198,0
660,431,28,1
661,117,117,1
662,415,1447,0
663,2292,1816,0
664,2015,140,1
665,667,1525,0
666,886,848,0
667,164,167,0
668,151,89,1
669,2696,256,1
670,132,130,1
671,2060,751,0
672,2198,858,0
673,688,683,0
674,267,478,0
675,1972,264,0
676,1703,482,0
677,38,3,1
678,325,382,0
679,9,9,1
680,1023,961,0
681,276,600,0
682,1385,9,1
683,401,827,0
684,749,89,1
685,1781,1420,0
686,175,180,0
687,2679,44,1
688,14,761,1
689,312,3,1
690,508,1789,0
691,580,1347,0
692,1342,3,1
693,1561,1115,1
694,2276,89,1
695,1838,725,1
696,73,75,0
697,1308,1184,0
698,23,656,1
699,2552,1554,0
700,633,632,0
701,739,728,0
702,477,922,0
703,1781,108,0
704,1687,140,1
705,1779,28,1
706,28,108,0
707,2106,457,1
708,293,107,0
709,2526,355,0
710,2101,1059,0
711,1011,715,0
712,66,66,0
713,1604,354,0
714,457,463,0
715,966,28,1
716,1817,863,0
717,812,785,0
718,265,122,1
719,1419,28,1
720,24,9,1
721,882,1557,0
722,255,1744,0
723,367,239,1
724,278,473,1
725,1275,925,0
726,1228,28,1
727,543,9,1
728,1552,385,0
729,118,118,1
730,492,963,0
731,58,1231,1
732,1002,771,0
733,992,28,1
734,1497,28,1
735,283,90,1
736,642,9,1
737,8,460,1
738,176,9,1
739,8,430,1
740,18,3,1
741,489,279,1
742,466,1826,1
743,279,1132,1
744,46,1330,0
745,209,1165,0
746,2194,1772,0
747,174,1110,0
748,23,818,1
749,1764,981,0
750,24,1371,1
751,76,1466,1
752,402,5,1
753,144,144,0
754,277,1151,0
755,60,60,0
756,829,1251,0
757,237,263,0
758,255,266,0
759,10,230,0
760,1194,1103,1
761,609,624,0
762,165,168,1
763,1668,9,1
764,1052,106,1
765,773,9,1
766,764,1463,0
767,14,1966,1
768,1200,915,1
769,322,606,0
770,2450,496,0
771,14,719,1
772,356,74,1
773,1597,258,1
774,790,399,1
775,1596,692,1
776,1489,382,1
777,1392,1047,0
778,840,28,1
779,727,717,1
780,1215,337,0
781,2268,625,0
782,579,207,1
783,438,1300,0
784,144,979,0
785,445,28,1
786,1785,784,0
787,2626,209,0
788,582,1215,0
789,435,847,0
790,390,397,1
791,475,289,0
792,994,935,0
793,1219,1229,0
794,149,313,0
795,1541,89,1
796,364,1090,0
797,71,72,0
798,270,282,1
799,25,23,0
800,405,1022,1
801,202,634,0
802,2440,93,1
803,384,1650,0
804,1237,1130,0
805,853,1077,0
806,227,242,1
807,65,1192,0
808,103,27,0
809,169,1371,1
810,728,164,1
811,23,659,1
812,1716,1214,1
813,174,178,0
814,416,926,1
815,567,564,0
816,1347,1208,0
817,1677,1738,0
818,802,263,1
819,242,201,0
820,981,1762,1
821,23,1741,1
822,51,943,1
823,139,137,0
824,2102,155,1
825,701,28,1
826,373,639,0
827,1970,356,0
828,2028,205,0
829,1733,28,1
830,1838,28,1
831,442,28,1
832,391,778,1
833,1714,279,1
834,1936,282,1
835,977,386,0
836,523,1101,0
837,922,294,1
838,14,951,1
839,1153,505,0
840,353,357,0
841,343,28,1
842,1672,106,1
843,801,3,1
844,1265,1230,0
845,14,49,1
846,1093,382,1
847,610,712,1
848,368,368,0
849,25,994,0
850,1610,1056,0
851,412,948,0
852,2634,1959,1
853,297,310,0
854,544,9,1
855,1628,28,1
856,14,969,1
857,2431,920,1
858,110,110,0
859,8,9,1
860,1747,28,1
861,1283,3,1
862,198,442,1
863,8,954,1
864,1476,782,0
865,1791,1368,0
866,8,1046,1
867,1125,419,1
868,653,28,1
869,1387,28,1
870,1669,85,0
871,1512,1055,0
872,822,64,0
873,800,28,1
874,880,1681,0
875,1028,309,1
876,751,28,1
877,989,154,1
878,130,967,1
879,2712,434,0
880,1406,1368,0
881,816,1428,0
882,566,1263,1
883,1172,846,1
884,587,151,0
885,96,1213,1
886,222,1363,0
887,777,1002,0
888,1334,1483,0
889,348,25,0
890,167,1385,1
891,1730,67,0
892,2322,1829,0
893,1124,1043,1
894,997,69,1
895,44,8,1
896,973,3,1
897,594,679,0
898,708,381,0
899,121,78,0
900,2063,1680,0
901,23,1212,1
902,492,663,0
903,1245,1078,0
904,2398,202,1
905,108,561,0
906,1711,270,0
907,825,359,1
908,352,773,0
909,731,722,0
910,937,1334,0
911,706,28,1
912,14,881,1
913,1502,1318,0
914,8,483,1
915,228,234,0
916,2586,994,1
917,1490,948,0
918,2495,1197,0
919,2660,631,0
920,422,953,0
921,64,64,0
922,23,3,1
923,27,506,0
924,490,174,0
925,594,293,0
926,23,1327,1
927,409,48,0
928,605,28,1
929,967,3,1
930,23,40,1
931,940,236,1
932,786,261,0
933,180,185,0
934,14,98,1
935,498,501,0
936,14,31,1
937,1343,1723,0
938,1047,642,0
939,516,516,1
940,1456,383,0
941,23,1020,1
942,1699,81,1
943,1819,1677,0
944,1472,1297,0
945,42,39,0
946,1696,1449,0
947,648,28,1
948,2637,211,1
949,792,1555,0
950,2189,1021,1
951,32,28,1
952,191,3,1
953,9,455,1
954,324,1109,1
955,859,28,1
956,76,9,1
957,345,3,1
958,237,246,0
959,71,252,0
960,2615,399,1
961,397,1784,0
962,979,532,0
963,133,452,1
964,1287,349,1
965,8,736,1
966,203,115,1
967,1116,255,1
968,14,719,1
969,328,911,0
970,1844,1136,0
971,536,312,0
972,356,359,1
973,1552,99,0
974,956,907,0
975,23,89,1
976,1029,85,1
977,8,191,1
978,14,364,1
979,61,103,0
980,1925,1617,0
981,438,637,0
982,691,689,0
983,870,1678,0
984,418,424,0
985,705,44,1
986,1498,1490,0
987,14,252,1
988,2103,718,0
989,213,625,0
990,23,1607,1
991,240,5,1
992,368,590,0
993,416,1074,1
994,722,715,0
995,145,9,1
996,162,309,1
997,448,9,1
998,1248,9,1
999,1189,9,1
1000,1927,1645,0
1001,1408,9,1
1002,2371,565,1
1003,1551,1595,0
1004,195,28,1
1005,987,63,0
1006,465,443,1
1007,509,407,1
1008,8,959,1
1009,1090,1023,1
1010,291,28,1
1011,173,177,0
1012,250,261,0
1013,8,8,1
1014,126,127,0
1015,2139,81,1
1016,2532,211,1
1017,623,871,0
1018,342,235,0
1019,1065,62,1
1020,2229,76,1
1021,728,9,1
1022,748,1989,0
1023,591,583,0
1024,14,579,1
1025,1691,28,1
1026,1620,641,0
1027,193,199,0
1028,1199,256,1
1029,2488,245,0
1030,158,440,0
1031,200,231,0
1032,781,767,1
1033,1336,11,0
1034,1801,1387,0
1035,2291,1639,0
1036,365,506,0
1037,222,182,0
1038,232,243,0
1039,1453,692,1
1040,2529,1771,0
1041,712,519,1
1042,625,1280,0
1043,2638,430,0
1044,2277,1804,0
1045,2375,1443,0
1046,341,28,1
1047,169,525,1
1048,8,153,1
1049,7,669,0
1050,966,28,1
1051,158,735,0
1052,13,866,1
1053,68,587,0
1054,524,28,1
1055,252,263,1
1056,2658,718,0
1057,1564,161,0
1058,1579,739,0
1059,130,9,1
1060,169,504,1
1061,2182,340,0
1062,1005,946,0
1063,1452,198,1
1064,58,207,1
1065,1787,1336,0
1066,2134,858,1
1067,52,374,0
1068,144,1044,0
1069,2019,736,0
1070,332,340,0
1071,631,198,1
1072,460,200,0
1073,610,9,1
1074,54,54,1
1075,14,593,1
1076,276,4,0
1077,14,901,1
1078,115,115,0
1079,325,946,0
1080,14,217,1
1081,231,236,1
1082,930,910,0
1083,23,1806,1
1084,755,181,0
1085,383,386,0
1086,27,1339,0
1087,1823,439,1
1088,1543,1363,0
1089,1159,202,1
1090,149,213,0
1091,82,83,1
1092,185,9,1
1093,3,3,1
1094,30,9,1
1095,2085,140,1
1096,79,308,0
1097,610,967,1
1098,850,28,1
1099,1502,1301,0
1100,1020,1093,0
1101,23,1808,1
1102,662,1664,0
1103,73,246,0
1104,403,412,0
1105,640,353,0
1106,1465,599,0
1107,89,69,1
1108,76,446,1
1109,1329,686,0
1110,563,1215,0
1111,68,68,0
1112,901,1506,0
1113,21,376,0
1114,304,469,0
1115,23,1312,1
1116,1914,718,0
1117,829,1049,0
1118,78,634,0
1119,1246,36,1
1120,225,231,0
1121,2122,1716,1
1122,34,1205,0
1123,348,786,0
1124,2187,9,1
1125,2584,475,1
1126,222,945,0
1127,315,1672,1
1128,31,194,0
1129,549,134,0
1130,1326,1619,0
1131,1589,1386,0
1132,1265,119,0
1133,624,557,1
1134,882,336,0
1135,800,28,1
1136,1766,1483,0
1137,462,28,1
1138,475,1007,0
1139,802,81,1
1140,520,9,1
1141,119,119,0
1142,23,1996,1
1143,1932,1107,0
1144,1262,503,0
1145,76,9,1
1146,51,827,1
1147,8,1358,1
1148,310,324,0
1149,1737,439,1
1150,2318,1828,0
1151,8,1560,1
1152,2551,89,1
1153,1265,1643,0
1154,625,1084,0
1155,8,613,1
1156,1666,1954,0
1157,89,9,1
1158,158,839,0
1159,510,3,1
1160,2152,9,1
1161,1488,879,1
1162,23,183,1
1163,1726,1094,0
1164,494,390,1
1165,1062,1097,1
1166,424,62,0
1167,14,890,1
1168,1873,28,1
1169,1394,1072,0
1170,2128,553,1
1171,14,565,1
1172,1559,114,0
1173,2084,687,0
1174,8,1560,1
1175,424,428,0
1176,514,1205,0
1177,8,217,1
1178,695,1226,0
1179,8,727,1
1180,456,462,0
1181,1311,322,1
1182,1783,188,1
1183,573,712,0
1184,339,675,0
1185,477,182,0
1186,648,28,1
1187,2115,1557,0
1188,497,1299,0
1189,947,902,0
1190,979,939,0
1191,944,175,0
1192,285,274,1
1193,14,478,1
1194,8,194,1
1195,1299,1555,0
1196,62,767,1
1197,2167,28,1
1198,222,829,0
1199,288,302,0
1200,1100,1032,0
1201,2244,382,1
1202,1708,848,0
1203,338,490,0
1204,1933,1659,0
1205,324,499,1
1206,26,426,0
1207,23,701,1
1208,8,1316,1
1209,709,1048,0
1210,237,1269,0
1211,411,28,1
1212,9,670,1
1213,367,143,1
1214,409,1773,0
1215,2613,674,1
1216,89,670,1
1217,1609,1066,0
1218,696,693,0
1219,209,218,0
1220,2159,122,1
1221,801,3,1
1222,1707,1827,0
1223,2629,281,1
1224,62,966,1
1225,10,203,0
1226,1575,407,1
1227,2188,211,1
1228,14,1432,1
1229,513,475,1
1230,23,1065,1
1231,23,47,1
1232,1498,1114,0
1233,1332,1632,0
1234,1897,1564,0
1235,261,49,1
1236,2127,140,1
1237,769,150,1
1238,889,850,0
1239,14,31,1
1240,736,727,1
1241,2039,1679,0
1242,303,1325,0
1243,1271,1062,0
1244,633,843,0
1245,1034,975,0
1246,1143,553,1
1247,1955,556,0
1248,2074,382,1
1249,58,959,1
1250,466,970,1
1251,353,1570,0
1252,748,712,0
1253,1879,28,1
1254,971,28,1
1255,636,1280,0
1256,1017,28,1
1257,536,379,0
1258,704,245,0
1259,1605,1149,0
1260,674,281,1
1261,562,1192,0
1262,661,802,0
1263,477,666,0
1264,169,423,1
1265,321,949,1
1266,598,28,1
1267,726,1626,0
1268,935,882,0
1269,1591,475,1
1270,1425,347,1
1271,25,74,0
1272,23,705,1
1273,2402,28,1
1274,1261,1244,0
1275,1233,28,1
1276,905,257,0
1277,573,966,0
1278,2499,973,0
1279,2489,263,1
1280,1035,508,0
1281,755,1516,0
1282,839,9,1
1283,229,235,0
1284,1629,1301,0
1285,782,799,0
1286,145,53,1
1287,2343,1619,0
1288,778,657,0
1289,1244,126,0
1290,23,290,1
1291,664,389,0
1292,1388,1289,0
1293,1985,558,0
1294,1105,220,0
1295,1470,753,1
1296,8,1304,1
1297,1208,686,0
1298,23,719,1
1299,916,1615,0
1300,866,888,0
1301,676,3,1
1302,966,28,1
1303,23,1905,1
1304,221,790,0
1305,1118,1457,1
1306,1656,44,1
1307,2342,1021,1
1308,14,1033,1
1309,15,14,0
1310,472,1915,0
1311,26,35,0
1312,1184,72,0
1313,2492,1848,0
1314,630,457,1
1315,466,812,1
1316,338,229,0
1317,2156,1530,0
1318,1333,230,1
1319,786,771,0
1320,560,395,1
1321,517,518,0
1322,1024,827,1
1323,305,317,0
1324,14,1697,1
1325,694,663,0
1326,125,1406,0
1327,1723,198,1
1328,762,1318,0
1329,962,28,1
1330,1576,28,1
1331,2008,758,0
1332,8,130,1
1333,2237,460,1
1334,352,1935,0
1335,39,36,0
1336,436,3,1
1337,82,9,1
1338,2649,452,0
1339,1571,1377,0
1340,1118,1040,1
1341,1056,717,1
1342,8,681,1
1343,566,9,1
1344,419,28,1
1345,1045,1084,0
1346,483,106,1
1347,23,363,1
1348,2610,759,0
1349,8,759,1
1350,14,291,1
1351,345,3,1
1352,563,64,0
1353,529,1152,0
1354,591,863,0
1355,282,491,0
1356,1685,28,1
1357,1522,220,1
1358,214,363,0
1359,2547,5,1
1360,1232,14,0
1361,1056,474,1
1362,559,1194,0
1363,14,1875,1
1364,1260,1401,0
1365,616,351,0
1366,1291,765,0
1367,72,597,0
1368,1747,28,1
1369,293,1242,0
1370,800,347,1
1371,1328,1752,0
1372,167,1021,1
1373,806,294,1
1374,348,443,0
1375,26,1553,0
1376,1451,75,0
1377,682,9,1
1378,2077,301,1
1379,14,153,1
1380,1302,44,1
1381,8,1329,1
1382,23,44,1
1383,1044,296,1
1384,2521,249,0
1385,738,140,1
1386,330,340,0
1387,58,772,1
1388,25,843,0
1389,212,38,0
1390,165,168,1
1391,2233,1786,0
1392,2607,827,1
1393,116,116,0
1394,66,144,0
1395,23,620,1
1396,1545,1005,0
1397,2719,226,1
1398,1981,28,1
1399,694,691,0
1400,1929,504,1
1401,410,1323,0
1402,1066,282,1
1403,136,301,0
1404,719,689,1
1405,2158,442,1
1406,1199,516,1
1407,1048,431,0
1408,203,150,1
1409,2296,592,0
1410,285,9,1
1411,526,526,0
1412,2212,118,1
1413,14,1053,1
1414,352,741,0
1415,1688,642,1
1416,324,9,1
1417,68,480,0
1418,1833,349,1
1419,296,309,1
1420,2064,718,0
1421,8,1711,1
1422,7,288,0
1423,315,623,1
1424,444,450,0
1425,1222,3,1
1426,626,628,0
1427,1629,78,0
1428,694,935,0
1429,665,1518,0
1430,110,360,0
1431,1279,28,1
1432,2670,198,1
1433,1868,1079,0
1434,1455,162,0
1435,472,1462,0
1436,44,395,1
1437,729,632,0
1438,1890,1558,0
1439,793,140,1
1440,518,28,1
1441,1730,773,0
1442,764,231,0
1443,430,434,0
1444,446,281,1
1445,8,1604,1
1446,171,1797,0
1447,14,333,1
1448,279,9,1
1449,1800,200,1
1450,409,383,0
1451,2406,388,0
1452,23,1107,1
1453,649,649,0
1454,14,173,1
1455,868,335,0
1456,14,1769,1
1457,638,24,0
1458,1932,1165,0
1459,2265,1650,0
1460,134,1301,0
1461,1120,28,1
1462,714,656,1
1463,220,28,1
1464,470,475,1
1465,1307,28,1
1466,291,317,1
1467,486,889,1
1468,563,973,0
1469,8,630,1
1470,2389,153,1
1471,728,69,1
1472,274,64,0
1473,2072,1553,0
1474,1199,211,1
1475,76,9,1
1476,120,28,1
1477,2479,1897,0
1478,2498,87,1
1479,409,418,0
1480,114,720,0
1481,1659,1436,0
1482,1977,211,1
1483,2442,446,1
1484,371,374,0
1485,1469,747,1
1486,1168,293,0
1487,1542,211,1
1488,643,407,0
1489,555,553,1
1490,1980,1052,0
1491,895,439,0
1492,842,28,1
1493,394,553,0
1494,194,202,1
1495,8,215,1
1496,23,589,1
1497,1763,9,1
1498,2116,1718,0
1499,1123,94,1
1500,788,44,1
1501,23,883,1
1502,517,527,0
1503,8,742,1
1504,1036,978,0
1505,836,809,1
1506,610,612,1
1507,110,1940,0
1508,689,1079,0
1509,366,1243,0
1510,1772,1709,0
1511,285,670,1
1512,2120,1434,0
1513,315,320,1
1514,881,245,0
1515,14,704,1
1516,340,97,0
1517,317,150,1
1518,909,265,0
1519,14,583,1
1520,101,57,0
1521,1472,893,0
1522,2121,383,0
1523,1132,1272,0
1524,58,473,1
1525,1592,9,1
1526,207,216,1
1527,65,1467,0
1528,14,217,1
1529,722,868,0
1530,871,596,0
1531,404,1463,0
1532,416,9,1
1533,1546,321,1
1534,571,1153,0
1535,219,227,1
1536,96,9,1
1537,942,93,0
1538,8,652,1
1539,637,640,0
1540,59,28,1
1541,17,16,0
1542,1843,1262,0
1543,789,277,0
1544,8,855,1
1545,107,942,1
1546,167,747,1
1547,8,98,1
1548,409,1581,0
1549,2253,869,0
1550,274,1076,0
1551,802,504,1
1552,1836,475,1
1553,25,1746,0
1554,163,28,1
1555,23,1395,1
1556,44,1056,1
1557,665,1707,0
1558,2106,183,1
1559,58,670,1
1560,2374,67,0
1561,2577,9,1
1562,2172,9,1
1563,926,875,0
1564,2101,640,0
1565,461,536,0
1566,435,1335,0
1567,2668,984,0
1568,1100,353,0
1569,754,1400,1
1570,742,558,1
1571,14,444,1
1572,1362,9,1
1573,2633,28,1
1574,2222,718,0
1575,203,740,1
1576,2721,256,1
1577,559,697,0
1578,394,567,0
1579,1647,363,1
1580,1379,28,1
1581,1346,404,0
1582,24,565,1
1583,1088,90,1
1584,263,9,1
1585,953,742,0
1586,907,915,0
1587,169,527,1
1588,8,1885,1
1589,1637,915,1
1590,2079,985,0
1591,524,28,1
1592,2034,1227,1
1593,442,211,1
1594,232,1788,0
1595,875,1404,0
1596,523,767,0
1597,102,44,1
1598,14,1090,1
1599,1927,929,0
1600,9,473,1
1601,11,732,0
1602,423,153,1
1603,1104,282,1
1604,1510,81,1
1605,23,459,1
1606,38,95,1
1607,163,28,1
1608,803,613,1
1609,1898,1757,0
1610,914,868,0
1611,2230,889,0
1612,2411,553,1
1613,14,217,1
1614,1549,91,1
1615,1032,89,1
1616,52,52,0
1617,14,545,1
1618,1272,1503,0
1619,8,1695,1
1620,558,341,1
1621,865,28,1
1622,1479,1305,0
1623,1824,256,1
1624,23,1403,1
1625,1669,148,0
1626,894,1755,0
1627,929,643,1
1628,189,5,1
1629,801,3,1
1630,1175,1092,1
1631,824,461,0
1632,8,742,1
1633,850,28,1
1634,2416,89,1
1635,431,28,1
1636,1650,106,1
1637,1939,1589,0
1638,727,89,1
1639,2650,1022,1
1640,1840,952,1
1641,45,42,0
1642,600,689,0
1643,942,1096,0
1644,54,1422,1
1645,409,1515,0
1646,65,344,0
1647,317,938,1
1648,14,474,1
1649,1807,1350,0
1650,24,22,1
1651,1232,902,0
1652,276,907,0
1653,1555,278,1
1654,167,1675,1
1655,821,1060,0
1656,473,1976,0
1657,9,242,1
1658,2717,44,1
1659,981,114,1
1660,795,994,0
1661,1213,695,0
1662,699,716,0
1663,1065,1197,1
1664,23,26,1
1665,1426,1868,0
1666,182,1190,0
1667,910,866,1
1668,1071,1076,0
1669,25,1063,0
1670,634,114,0
1671,123,122,1
1672,44,41,1
1673,14,1115,1
1674,14,1654,1
1675,203,684,1
1676,1137,624,0
1677,753,44,1
1678,323,334,0
1679,14,1551,1
1680,645,28,1
1681,1015,1181,1
1682,203,9,1
1683,23,1984,1
1684,44,77,1
1685,8,727,1
1686,1345,448,1
1687,1361,209,0
1688,431,28,1
1689,162,9,1
1690,1586,718,0
1691,2126,251,1
1692,1053,28,1
1693,2641,1471,0
1694,1600,1109,0
1695,1402,1257,0
1696,303,876,0
1697,14,346,1
1698,23,1526,1
1699,2279,1807,0
1700,49,46,0
1701,280,674,0
1702,1285,439,1
1703,2005,1642,0
1704,1166,1303,0
1705,770,753,1
1706,441,9,1
1707,416,319,1
1708,449,1717,0
1709,2635,728,0
1710,285,9,1
1711,1141,1006,0
1712,175,1674,0
1713,167,1236,1
1714,410,1515,0
1715,14,1914,1
1716,65,1007,0
1717,317,9,1
1718,2568,1927,1
1719,1790,697,0
1720,391,1085,1
1721,8,155,1
1722,1163,1086,0
1723,26,24,0
1724,453,183,0
1725,2441,784,0
1726,2407,9,1
1727,1197,924,0
1728,450,457,1
1729,85,1159,0
1730,8,50,1
1731,882,962,0
1732,466,1218,1
1733,1967,1393,0
1734,425,429,0
1735,1619,255,1
1736,138,231,0
1737,17,695,0
1738,14,894,1
1739,591,988,0
1740,1133,1132,1
1741,119,1554,0
1742,983,1424,1
1743,2267,1798,1
1744,1119,1042,0
1745,28,862,0
1746,1387,28,1
1747,187,918,0
1748,8,256,1
1749,1258,1147,1
1750,811,264,0
1751,1866,1413,0
1752,402,18,1
1753,1658,506,0
1754,462,211,1
1755,25,411,0
1756,293,687,0
1757,29,28,1
1758,74,1407,1
1759,324,934,1
1760,941,394,0
1761,367,527,1
1762,2358,1850,0
1763,1534,9,1
1764,63,1823,0
1765,222,1075,0
1766,1396,3,1
1767,223,28,1
1768,1391,28,1
1769,2156,1983,0
1770,2107,1198,0
1771,130,69,1
1772,1742,1037,1
1773,11,11,0
1774,1275,1596,0
1775,2512,312,0
1776,489,1235,1
1777,1060,143,0
1778,2034,202,1
1779,99,69,1
1780,107,211,1
1781,458,464,1
1782,9,9,1
1783,2068,748,0
1784,336,343,0
1785,1176,1093,0
1786,124,464,1
1787,62,230,1
1788,705,98,1
1789,294,1478,0
1790,1008,1665,0
1791,664,508,0
1792,8,828,1
1793,332,768,1
1794,1907,282,1
1795,197,1013,0
1796,2184,9,1
1797,1290,752,0
1798,1027,692,1
1799,1383,28,1
1800,927,28,1
1801,2497,1775,0
1802,875,1409,0
1803,2353,1847,0
1804,2672,789,0
1805,1697,628,0
1806,634,1008,0
1807,347,1070,0
1808,1152,112,0
1809,71,1689,0
1810,1998,211,1
1811,650,74,1
1812,8,85,1
1813,1071,1006,0
1814,1356,1862,0
1815,1019,3,1
1816,1101,9,1
1817,135,424,0
1818,2405,718,0
1819,1784,1493,0
1820,14,1370,1
1821,615,1173,0
1822,317,146,1
1823,1689,228,0
1824,1461,226,1
1825,165,968,1
1826,999,717,1
1827,14,391,1
1828,2399,1340,0
1829,406,206,0
1830,1391,28,1
1831,2490,94,1
1832,1494,310,0
1833,376,28,1
1834,9,338,1
1835,157,99,0
1836,26,232,0
1837,2218,143,1
1838,841,814,0
1839,115,1802,0
1840,665,663,0
1841,23,977,1
1842,1608,1114,0
1843,594,102,0
1844,209,247,0
1845,391,296,1
1846,2017,351,0
1847,882,843,0
1848,634,362,0
1849,1864,178,0
1850,825,890,1
1851,1064,1042,0
1852,92,142,0
1853,175,251,0
1854,8,727,1
1855,18,3,1
1856,348,1445,0
1857,1971,1615,0
1858,545,28,1
1859,775,758,0
1860,1683,696,0
1861,942,730,0
1862,271,1389,0
1863,2688,1381,0
1864,2241,282,1
1865,187,471,0
1866,51,721,1
1867,76,1702,1
1868,14,1761,1
1869,1640,1218,0
1870,102,100,1
1871,23,1925,1
1872,161,448,1
1873,283,1180,1
1874,924,1920,0
1875,7,60,0
1876,334,342,0
1877,14,1994,1
1878,23,1719,1
1879,23,1319,1
1880,287,300,0
1881,410,368,0
1882,1657,28,1
1883,8,941,1
1884,671,60,0
1885,286,299,0
1886,1299,1177,0
1887,979,944,0
1888,14,244,1
1889,932,1385,0
1890,249,1877,0
1891,8,1565,1
1892,381,1563,0
1893,655,28,1
1894,57,1724,0
1895,196,203,0
1896,99,9,1
1897,916,299,0
1898,1353,14,1
1899,2183,9,1
1900,8,269,1
1901,23,1880,1
1902,1382,1239,0
1903,536,1396,0
1904,821,266,0
1905,1832,799,0
1906,723,662,1
1907,2151,243,1
1908,1083,448,0
1909,902,28,1
1910,561,523,0
1911,570,882,0
1912,202,209,0
1913,69,9,1
1914,634,75,0
1915,23,115,1
1916,946,28,1
1917,463,956,0
1918,1744,382,1
1919,291,28,1
1920,26,1014,0
1921,294,856,0
1922,852,820,0
1923,403,1013,0
1924,130,9,1
1925,137,135,0
1926,767,870,0
1927,1440,48,0
1928,8,282,1
1929,14,1875,1
1930,8,926,1
1931,880,245,0
1932,1081,1013,0
1933,86,87,1
1934,277,70,0
1935,1351,866,0
1936,834,806,1
1937,1473,511,0
1938,32,28,1
1939,275,288,0
1940,285,1263,1
1941,1129,1475,0
1942,391,778,1
1943,575,137,0
1944,8,1565,1
1945,1340,1297,0
1946,1350,889,1
1947,2125,153,1
1948,671,102,0
1949,603,133,0
1950,809,1004,1
1951,399,443,0
1952,72,724,0
1953,104,191,0
1954,31,4,0
1955,148,1448,0
1956,882,1188,0
1957,1565,1367,0
1958,8,1067,1
1959,791,182,0
1960,1133,9,1
1961,2380,860,0
1962,14,319,1
1963,58,145,1
1964,14,1083,1
1965,2169,532,0
1966,1735,920,1
1967,505,506,0
1968,277,978,0
1969,107,198,1
1970,6,304,0
1971,303,1035,0
1972,23,128,1
1973,14,240,1
1974,279,618,1
1975,2239,28,1
1976,758,1172,0
1977,1446,261,0
1978,1217,182,0
1979,23,3,1
1980,23,1791,1
1981,1643,1423,0
1982,2289,1385,0
1983,23,1722,1
1984,130,959,1
1985,416,77,1
1986,754,202,1
1987,23,1242,1
1988,8,682,1
1989,964,916,0
1990,50,597,0
1991,1449,442,1
1992,8,233,1
1993,124,1242,1
1994,1153,1075,0
1995,1920,1582,0
1996,186,9,1
1997,99,416,1
1998,9,9,1
1999,1599,1204,0
2000,89,612,1
2001,1425,516,1
2002,570,1158,0
2003,149,1468,0
2004,2258,605,0
2005,14,1263,1
2006,782,768,0
2007,808,1034,0
2008,2302,460,1
2009,1941,1405,0
2010,799,776,0
2011,226,28,1
2012,914,1944,0
2013,2131,86,0
2014,1363,344,0
2015,1261,427,0
2016,892,516,1
2017,23,1276,1
2018,523,524,0
2019,1002,1537,0
2020,382,385,0
2021,324,98,1
2022,2091,390,1
2023,104,92,0
2024,1411,1095,1
2025,782,426,0
2026,716,710,0
2027,2186,1768,0
2028,1364,1366,0
2029,2317,106,1
2030,1716,28,1
2031,442,5,1
2032,2346,1841,0
2033,410,418,0
2034,579,9,1
2035,716,1473,0
2036,23,1683,1
2037,220,28,1
2038,23,1183,1
2039,2600,310,0
2040,695,351,0
2041,562,948,0
2042,1128,1047,0
2043,2043,143,1
2044,57,879,0
2045,8,1033,1
2046,2351,321,1
2047,253,264,0
2048,23,15,1
2049,247,258,1
2050,324,356,1
2051,1480,1093,0
2052,76,90,1
2053,988,443,1
2054,1261,463,0
2055,255,1800,0
2056,38,1420,1
2057,593,89,1
2058,53,28,1
2059,1259,1664,0
2060,1432,460,1
2061,2686,1574,0
2062,65,891,0
2063,1496,1313,0
2064,1015,315,1
2065,927,28,1
2066,996,672,1
2067,169,98,1
2068,130,319,1
2069,1700,1283,0
2070,845,816,0
2071,882,178,0
2072,587,786,0
2073,84,85,1
2074,1629,751,0
2075,9,90,1
2076,1499,974,0
2077,8,619,1
2078,1005,1477,0
2079,2660,1179,0
2080,1254,1146,0
2081,1045,986,0
2082,909,286,0
2083,23,109,1
2084,421,28,1
2085,1509,601,1
2086,40,1435,0
2087,2093,9,1
2088,1810,1972,0
2089,423,256,1
2090,979,1169,0
2091,1212,952,1
2092,721,28,1
2093,1064,1152,0
2094,8,307,1
2095,450,553,1
2096,1799,665,1
2097,1275,660,0
2098,58,1616,1
2099,442,28,1
2100,2611,282,1
2101,2587,1937,0
2102,1121,3,1
2103,41,38,1
2104,2619,89,1
2105,130,427,1
2106,260,592,0
2107,825,81,1
2108,76,242,1
2109,2088,1347,0
2110,1690,1051,1
2111,1345,455,1
2112,1908,1570,0
2113,50,195,0
2114,160,929,0
2115,184,1924,0
2116,1033,460,1
2117,391,296,1
2118,2602,163,0
2119,997,473,1
2120,632,631,0
2121,744,731,1
2122,634,892,0
2123,780,631,0
2124,136,1502,0
2125,851,94,1
2126,1826,1356,0
2127,1206,28,1
2128,104,102,0
2129,973,3,1
2130,1031,181,0
2131,477,203,0
2132,197,1726,0
2133,215,986,0
2134,23,1755,1
2135,1322,1193,0
2136,1879,28,1
2137,313,49,1
2138,167,399,1
2139,2170,861,0
2140,1155,1079,0
2141,8,1089,1
2142,101,893,0
2143,2055,85,1
2144,47,44,1
2145,352,392,0
2146,8,457,1
2147,352,356,0
2148,587,144,0
2149,23,1696,1
2150,285,662,1
2151,426,431,0
2152,9,1616,1
2153,223,28,1
2154,1657,28,1
2155,23,585,1
2156,1084,1679,0
2157,392,9,1
2158,130,77,1
2159,645,28,1
2160,2522,1816,0
2161,280,568,0
2162,1376,167,1
2163,351,355,0
2164,1156,695,0
2165,2102,155,1
2166,564,198,1
2167,1069,226,0
2168,462,28,1
2169,545,515,0
2170,197,74,0
2171,1599,687,0
2172,339,1613,0
2173,14,1161,1
2174,1306,1182,0
2175,1600,1397,0
2176,197,1619,0
2177,2419,3,1
2178,355,1438,0
2179,1032,89,1
2180,438,445,0
2181,1927,285,0
2182,582,1022,0
2183,130,670,1
2184,862,9,1
2185,51,253,1
2186,8,1175,1
2187,107,202,1
2188,23,1261,1
2189,8,1290,1
2190,796,3,1
2191,241,251,1
2192,1802,1499,0
2193,44,1033,1
2194,579,319,1
2195,1772,1485,0
2196,502,443,1
2197,38,183,1
2198,2031,28,1
2199,2715,194,1
2200,24,1374,1
2201,145,938,1
2202,375,147,0
2203,302,609,0
2204,8,166,1
2205,293,218,0
2206,1933,1251,0
2207,85,1667,0
2208,2246,1790,0
2209,1451,837,0
2210,2361,1135,0
2211,166,1070,0
2212,212,129,0
2213,1131,504,1
2214,363,305,1
2215,1451,589,0
2216,701,28,1
2217,933,1495,0
2218,1205,1958,0
2219,1925,32,0
2220,26,1253,0
2221,91,85,1
2222,665,984,0
2223,1045,1314,0
2224,963,915,1
2225,203,883,1
2226,391,572,1
2227,524,28,1
2228,65,35,0
2229,2370,3,1
2230,1878,1552,0
2231,14,1682,1
2232,747,733,0
2233,52,286,0
2234,1010,284,0
2235,796,3,1
2236,1318,1066,0
2237,239,249,0
2238,2099,475,1
2239,1691,28,1
2240,592,591,0
2241,448,9,1
2242,1579,812,0
2243,31,1343,0
2244,8,972,1
2245,2516,238,0
2246,1085,9,1
2247,1232,1010,0
2248,2412,553,1
2249,1041,9,1
2250,2434,1878,0
2251,411,28,1
2252,145,840,1
2253,187,104,0
2254,2033,1662,0
2255,669,1014,0
2256,2484,1270,0
2257,222,720,0
2258,23,436,1
2259,786,671,0
2260,8,1479,1
2261,2523,316,0
2262,99,58,1
2263,2332,825,1
2264,114,1375,0
2265,2564,791,0
2266,887,1320,0
2267,1403,226,1
2268,373,1232,0
2269,1068,718,0
2270,121,678,0
2271,666,393,0
2272,749,89,1
2273,2456,1702,1
2274,705,1095,1
2275,821,1630,0
2276,2377,392,0
2277,428,143,1
2278,1117,9,1
2279,416,838,1
2280,1095,1027,0
2281,463,467,0
2282,2232,460,0
2283,875,588,0
2284,948,461,0
2285,388,393,0
2286,1103,1034,0
2287,2328,494,1
2288,1801,295,0
2289,499,3,1
2290,9,9,1
2291,23,664,1
2292,8,656,1
2293,621,1219,1
2294,223,28,1
2295,65,877,0
2296,2653,1967,0
2297,419,28,1
2298,1682,873,0
2299,1487,63,0
2300,649,480,0
2301,1151,867,0
2302,14,588,1
2303,859,28,1
2304,8,1349,1
2305,8,38,1
2306,466,990,1
2307,424,1325,0
2308,198,1480,1
2309,2357,771,0
2310,30,9,1
2311,155,1644,1
2312,23,44,1
2313,681,1221,0
2314,489,778,1
2315,1612,89,1
2316,2041,942,0
2317,167,170,1
2318,279,9,1
2319,453,314,0
2320,285,545,1
2321,366,583,0
2322,1519,927,0
2323,1041,9,1
2324,256,28,1
2325,366,1060,0
2326,280,72,0
2327,58,91,1
2328,758,95,0
2329,1293,1621,0
2330,1244,212,0
2331,108,822,0
2332,384,387,0
2333,580,1911,0
2334,2695,1292,0
2335,142,141,0
2336,1122,512,0
2337,1109,828,1
2338,431,1029,1
2339,1019,3,1
2340,2117,1720,0
2341,1556,1218,0
2342,1031,1394,0
2343,2262,211,1
2344,14,837,1
2345,1684,534,0
2346,272,732,0
2347,14,949,1
2348,1375,360,0
2349,2372,28,1
2350,316,328,0
2351,8,554,1
2352,825,1057,1
2353,1766,1492,0
2354,783,328,0
2355,2309,1062,0
2356,232,493,0
2357,723,274,1
2358,115,867,0
2359,23,1805,1
2360,23,252,1
2361,23,1968,1
2362,31,189,0
2363,2509,1673,1
2364,1189,9,1
2365,324,236,1
2366,2197,194,1
2367,2502,208,1
2368,1708,789,0
2369,368,224,0
2370,465,3,1
2371,228,1255,0
2372,416,356,1
2373,72,492,0
2374,225,1307,0
2375,1962,1602,0
2376,1501,879,0
2377,1332,884,0
2378,1086,1471,0
2379,1869,879,0
2380,1753,234,0
2381,348,639,0
2382,1835,364,1
2383,1232,46,0
2384,2304,923,1
2385,491,9,1
2386,23,1867,1
2387,60,1365,0
2388,14,1721,1
2389,260,646,0
2390,1827,413,1
2391,1170,122,1
2392,636,1699,0
2393,621,1097,1
2394,463,936,0
2395,1,883,1
2396,2013,270,0
2397,1348,152,0
2398,445,452,1
2399,1486,56,0
2400,9,9,1
2401,817,837,0
2402,303,183,0
2403,99,9,1
2404,576,185,0
2405,122,1013,0
2406,939,28,1
2407,2066,558,0
2408,251,262,0
2409,38,1059,1
2410,366,1242,0
2411,496,500,0
2412,8,1792,1
2413,435,833,0
2414,1136,457,1
2415,511,1060,0
2416,1089,1021,1
2417,23,297,1
2418,14,217,1
2419,34,737,0
2420,1285,439,1
2421,416,1310,1
2422,571,1146,0
2423,2353,1775,0
2424,258,268,1
2425,684,589,0
2426,1338,85,1
2427,76,9,1
2428,23,1337,1
2429,161,670,1
2430,163,28,1
2431,479,3,1
2432,821,859,0
2433,319,123,1
2434,149,5,0
2435,89,69,1
2436,44,1858,1
2437,934,480,0
2438,878,841,0
2439,868,687,0
2440,2287,351,0
2441,2208,247,0
2442,204,1767,0
2443,254,265,0
2444,792,675,0
2445,2438,153,1
2446,586,739,0
2447,1041,9,1
2448,1407,750,0
2449,120,28,1
2450,2459,167,1
2451,199,331,0
2452,14,968,1
2453,589,28,1
2454,1951,728,0
2455,2236,9,1
2456,74,44,1
2457,51,55,1
2458,1061,182,0
2459,419,1029,1
2460,24,949,1
2461,1337,28,1
2462,224,176,0
2463,1430,87,1
2464,285,446,1
2465,1296,604,0
2466,544,1259,1
2467,1146,169,0
2468,874,647,0
2469,462,28,1
2470,2665,1153,0
2471,1207,240,0
2472,438,523,0
2473,8,1291,1
2474,151,154,1
2475,31,1334,0
2476,1899,1205,0
2477,23,804,1
2478,821,1017,0
2479,30,69,1
2480,14,1847,1
2481,2078,942,1
2482,334,1634,0
2483,283,296,1
2484,498,309,0
2485,58,90,1
2486,328,1557,0
2487,214,589,0
2488,234,28,1
2489,2280,1809,0
2490,1078,3,1
2491,14,9,1
2492,2020,28,1
2493,1764,730,0
2494,2598,1048,0
2495,603,206,0
2496,196,1171,0
2497,384,1901,0
2498,2133,961,0
2499,2314,89,1
2500,1341,175,0
2501,2648,1198,0
2502,879,78,0
2503,1397,93,1
2504,1425,347,1
2505,1,883,1
2506,416,792,1
2507,1071,1904,0
2508,135,133,0
2509,2211,864,0
2510,363,258,1
2511,2606,9,1
2512,163,28,1
2513,878,293,0
2514,2645,1964,0
2515,2478,282,1
2516,540,1380,1
2517,531,530,0
2518,14,451,1
2519,14,451,1
2520,1742,1037,1
2521,1096,1028,0
2522,367,106,1
2523,106,92,0
2524,2,511,0
2525,1871,202,1
2526,1661,1520,0
2527,324,282,1
2528,1809,143,1
2529,629,28,1
2530,1072,1007,0
2531,690,1421,1
2532,212,744,0
2533,639,1051,1
2534,416,319,1
2535,1738,920,1
2536,44,9,1
2537,1820,94,1
2538,268,280,0
2539,197,177,0
2540,518,1299,0
2541,1062,952,1
2542,1020,531,0
2543,34,287,0
2544,653,28,1
2545,153,157,0
2546,24,475,1
2547,1803,789,0
2548,179,840,1
2549,504,505,0
2550,1519,1333,0
2551,433,437,0
2552,58,545,1
2553,2065,688,1
2554,915,125,0
2555,2070,417,0
2556,504,1249,0
2557,808,1035,0
2558,1342,3,1
2559,2069,1087,1
2560,1495,1611,0
2561,2474,553,1
2562,1903,108,0
2563,638,1254,0
2564,234,28,1
2565,915,869,0
2566,609,1225,0
2567,2310,9,1
2568,406,923,0
2569,485,1650,0
2570,396,403,0
2571,1538,1351,0
2572,59,198,1
2573,69,1751,1
2574,888,420,0
2575,817,791,0
2576,624,114,1
2577,23,1952,1
2578,23,565,1
2579,922,256,1
2580,525,85,1
2581,1191,85,1
2582,351,1630,0
2583,1869,889,0
2584,14,13,1
2585,1641,243,1
2586,1750,1091,0
2587,907,430,0
2588,690,1154,1
2589,466,468,1
2590,2001,1637,1
2591,1704,301,1
2592,240,28,1
2593,421,28,1
2594,560,117,1
2595,939,5,1
2596,885,846,1
2597,2544,443,1
2598,402,28,1
2599,89,145,1
2600,31,1690,0
2601,2486,1022,1
2602,1473,1298,0
2603,14,322,1
2604,1348,1463,0
2605,2080,41,1
2606,130,29,1
2607,2504,85,1
2608,8,44,1
2609,497,134,0
2610,167,457,1
2611,2305,1822,0
2612,1451,1284,0
2613,97,95,0
2614,1747,28,1
2615,14,205,1
2616,850,28,1
2617,8,364,1
2618,1539,1355,0
2619,1446,1007,0
2620,14,1765,1
2621,439,5,1
2622,1579,663,0
2623,324,399,1
2624,451,458,0
2625,348,351,0
2626,364,365,0
2627,797,410,0
2628,89,699,1
2629,46,43,0
2630,1015,1262,1
2631,145,959,1
2632,130,9,1
2633,1,474,1
2634,8,1138,1
2635,2537,28,1
2636,554,704,0
2637,47,307,1
2638,1275,27,0
2639,99,1050,1
2640,2559,558,1
2641,171,1309,0
2642,1663,1439,0
2643,1,719,1
2644,1487,265,0
2645,140,1405,0
2646,1627,1414,0
2647,230,3,1
2648,197,1269,0
2649,1317,1050,1
2650,1426,860,0
2651,14,1033,1
2652,509,510,1
2653,117,378,1
2654,1975,1622,0
2655,1356,1930,0
2656,140,139,0
2657,30,69,1
2658,211,336,0
2659,1189,9,1
2660,256,28,1
2661,89,466,1
2662,1446,844,0
2663,1726,224,0
2664,1,499,1
2665,1233,28,1
2666,802,1336,1
2667,882,936,0
2668,8,727,1
2669,586,584,0
2670,1337,28,1
2671,475,344,0
2672,634,35,0
2673,1068,1546,0
2674,750,736,0
2675,339,1458,0
2676,1638,1419,0
2677,23,47,1
2678,14,725,1
2679,1515,1196,0
2680,655,194,1
2681,1799,76,1
2682,1229,494,1
2683,1572,5,1
2684,242,252,0
2685,94,202,1
2686,315,1140,1
2687,341,28,1
2688,1778,961,0
2689,8,883,1
2690,563,1866,0
2691,864,28,1
2692,1466,1155,0
2693,825,193,1
2694,23,54,1
2695,480,482,0
2696,2320,697,0
2697,1208,1114,0
2698,508,211,1
2699,23,721,1
2700,1412,980,0
2701,1724,1206,0
2702,571,577,0
2703,2313,1160,0
2704,821,1763,0
2705,1712,1226,0
2706,466,183,1
2707,559,921,0
2708,72,1870,0
2709,2414,202,1
2710,14,594,1
2711,492,316,0
2712,1846,1527,0
2713,1653,1222,0
2714,1524,178,0
2715,631,28,1
2716,662,661,0
2717,163,28,1
2718,1309,938,1
2719,2086,1243,0
2720,1179,1094,0
2721,304,316,0
2722,477,743,0
2723,2272,9,1
2724,130,448,1
2725,409,1865,0
2726,1716,28,1
2727,739,597,0
2728,745,124,0
2729,778,407,0
2730,1931,1078,0
2731,2639,897,0
2732,1395,1247,1
2733,59,28,1
2734,1416,28,1
2735,510,3,1
2736,445,28,1
2737,14,1267,1
2738,685,679,0
2739,14,168,1
2740,761,553,1
2741,503,504,1
2742,383,728,0
2743,1259,268,0
2744,955,957,0
2745,8,419,1
2746,2446,702,0
2747,279,938,1
2748,58,9,1
2749,966,28,1
2750,938,889,1
2751,8,457,1
2752,6,1446,0
2753,580,577,0
2754,41,940,0
2755,1070,1005,0
2756,341,28,1
2757,829,163,0
2758,370,737,0
2759,706,28,1
2760,99,9,1
2761,790,399,1
2762,2260,1384,1
2763,104,160,0
2764,1219,569,0
2765,712,44,1
2766,2108,106,1
2767,157,383,0
2768,1990,1631,0
2769,357,84,0
2770,664,844,0
2771,2390,965,0
2772,1664,85,1
2773,866,1019,0
2774,249,400,0
2775,1462,85,1
2776,277,292,0
2777,547,543,0
2778,2388,198,1
2779,693,767,1
2780,23,217,1
2781,789,251,0
2782,9,1762,1
2783,438,1098,0
2784,1956,718,0
2785,329,256,1
2786,336,1609,0
2787,1102,1033,1
2788,9,9,1
2789,23,9,1
2790,607,608,0
2791,956,1799,0
2792,14,53,1
2793,1508,1328,0
2794,1755,1478,0
2795,23,1521,1
2796,2264,1801,0
2797,1921,251,1
2798,1366,475,1
2799,23,395,1
2800,11,592,0
2801,1300,1179,0
2802,603,704,0
2803,1169,1088,0
2804,397,1060,0
2805,1437,168,1
2806,8,858,1
2807,2345,282,1
2808,109,108,0
2809,284,1263,1
2810,1529,1346,1
2811,8,323,1
2812,1073,44,1
2813,160,590,0
2814,2622,475,1
2815,468,472,0
2816,1960,153,1
2817,14,899,1
2818,2164,297,0
2819,85,437,0
2820,1527,1114,0
2821,8,1946,1
2822,2451,28,1
2823,222,229,0
2824,263,9,1
2825,1092,527,0
2826,2104,288,0
2827,2062,210,1
2828,521,41,1
2829,234,5,1
2830,304,985,0
2831,8,377,1
2832,9,58,1
2833,23,838,1
2834,1785,46,0
2835,1916,399,1
2836,966,28,1
2837,1182,1755,0
2838,2174,9,1
2839,23,1411,1
2840,14,1252,1
2841,1457,1559,1
2842,1922,558,1
2843,984,588,0
2844,1209,1087,1
2845,984,1418,0
2846,778,114,0
2847,793,1556,1
2848,1828,112,0
2849,1743,69,1
2850,610,9,1
2851,979,141,0
2852,548,286,0
2853,733,1133,0
2854,2369,112,0
2855,2585,1816,0
2856,2565,803,1
2857,13,760,1
2858,1141,1056,0
2859,1105,795,0
2860,14,1452,1
2861,2348,475,1
2862,2545,9,1
2863,1038,981,0
2864,14,1509,1
2865,2235,278,1
2866,702,1426,0
2867,1371,716,0
2868,593,89,1
2869,2706,41,0
2870,130,1036,1
2871,736,727,1
2872,1851,1438,0
2873,23,792,1
2874,25,1265,0
2875,1364,1812,0
2876,808,1887,0
2877,435,498,0
2878,58,9,1
2879,1964,28,1
2880,8,883,1
2881,1593,749,0
2882,201,208,0
2883,2102,879,1
2884,23,217,1
2885,641,1355,0
2886,49,1186,0
2887,14,451,1
2888,8,337,1
2889,23,888,1
2890,1276,142,0
2891,1128,890,0
2892,1389,460,1
2893,1633,1970,1
2894,366,862,0
2895,1694,975,0
2896,657,595,0
2897,202,140,0
2898,1345,1124,1
2899,1339,380,1
2900,647,28,1
2901,153,70,0
2902,51,287,1
2903,1655,1548,0
2904,1079,1012,0
2905,222,1816,0
2906,2367,211,1
2907,14,217,1
2908,817,833,0
2909,1342,3,1
2910,2555,9,1
2911,517,195,0
2912,1126,9,1
2913,671,104,0
2914,8,1754,1
2915,1407,632,0
2916,1812,614,0
2917,190,586,0
2918,803,1304,1
2919,372,375,0
2920,44,885,1
2921,2437,9,1
2922,866,445,0
2923,438,687,0
2924,388,993,0
2925,2246,1228,0
2926,2507,63,0
2927,23,1213,1
2928,1768,1198,0
2929,76,9,1
2930,566,9,1
2931,1415,447,0
2932,1265,802,0
2933,1435,658,0
2934,30,77,1
2935,307,320,0
2936,1342,3,1
2937,1202,297,1
2938,913,1870,0
2939,2614,606,0
2940,279,643,1
2941,31,1160,0
2942,240,347,1
2943,987,736,0
2944,343,28,1
2945,69,69,1
2946,43,717,1
2947,271,206,0
2948,320,331,0
2949,1226,294,0
2950,23,170,1
2951,2525,161,0
2952,1343,607,0
2953,8,1673,1
2954,1137,102,0
2955,546,542,0
2956,2011,1025,0
2957,1739,1469,0
2958,2334,1837,0
2959,1677,1787,0
2960,2270,1480,1
2961,1228,28,1
2962,1997,1635,0
2963,667,748,0
2964,311,325,0
2965,243,254,1
2966,669,1838,0
2967,1352,67,0
2968,315,327,1
2969,573,1166,0
2970,26,924,0
2971,2472,903,1
2972,1119,933,0
2973,433,1667,0
2974,303,750,0
2975,161,150,1
2976,8,1265,1
2977,480,1355,0
2978,344,81,1
2979,1056,40,1
2980,321,315,1
2981,1305,9,1
2982,416,382,1
2983,1002,941,0
2984,1933,1715,0
2985,2303,788,1
2986,986,211,1
2987,1100,1510,0
2988,1203,1824,0
2989,979,1496,0
2990,877,9,1
2991,2395,1301,0
2992,653,28,1
2993,567,864,0
2994,1773,920,1
2995,1490,1244,0
2996,2227,718,0
2997,2709,270,0
2998,667,1481,0
2999,341,28,1
3000,2051,475,1
3001,14,1903,1
3002,8,1532,1
3003,1486,263,0
3004,1058,9,1
3005,3,3,1
3006,148,245,0
3007,1464,1292,0
3008,2087,1453,0
3009,2396,14,0
3010,2329,417,0
3011,203,475,1
3012,2475,1469,0
3013,1526,3,1
3014,751,28,1
3015,18,3,1
3016,1082,3,1
3017,1515,1846,0
3018,14,1072,1
3019,534,28,1
3020,634,832,0
3021,304,1379,0
3022,2461,625,0
3023,145,150,1
3024,1696,845,0
3025,105,279,0
3026,904,44,1
3027,940,3,1
3028,223,28,1
3029,524,28,1
3030,1108,383,0
3031,767,524,0
3032,1557,1038,0
3033,1267,1155,0
3034,1615,1321,0
3035,196,1029,0
3036,2278,1384,1
3037,1009,9,1
3038,1105,1079,0
3039,8,968,1
3040,304,505,0
3041,1507,367,0
3042,2657,64,0
3043,2518,281,1
3044,1979,28,1
3045,1557,1364,0
3046,2216,28,1
3047,620,624,1
3048,101,133,0
3049,1720,1458,0
3050,577,419,1
3051,8,1886,1
3052,837,537,0
3053,1042,642,0
3054,304,1136,0
3055,315,1285,1
3056,14,566,1
3057,40,37,0
3058,703,698,0
3059,23,974,1
3060,23,217,1
3061,347,117,0
3062,999,89,1
3063,411,28,1
3064,1393,1214,0
3065,1709,902,0
3066,784,183,1
3067,14,1599,1
3068,119,1774,0
3069,438,1063,0
3070,2269,1250,0
3071,8,1165,1
3072,1910,511,0
3073,1813,9,1
3074,1026,3,1
3075,1635,1172,0
3076,1948,554,1
3077,2025,726,0
3078,14,574,1
3079,1049,707,0
3080,24,565,1
3081,927,28,1
3082,664,1189,0
3083,251,743,0
3084,2010,321,1
3085,464,448,0
3086,2458,256,0
3087,23,399,1
3088,1919,1172,0
3089,802,73,1
3090,347,975,0
3091,1581,1425,0
3092,412,419,0
3093,1043,9,1
3094,393,401,0
3095,2468,1196,1
3096,25,1098,0
3097,656,565,1
3098,2168,1048,0
3099,14,217,1
3100,767,914,0
3101,976,110,0
3102,669,669,0
3103,1075,747,1
3104,1562,1470,0
3105,14,1141,1
3106,8,1388,1
3107,1544,226,1
3108,882,35,0
3109,341,28,1
3110,1988,28,1
3111,1523,1341,0
3112,184,191,0
3113,608,28,1
3114,14,388,1
3115,984,1396,0
3116,534,28,1
3117,1102,1033,1
3118,8,563,1
3119,181,187,0
3120,1457,1559,1
3121,930,878,0
3122,808,1898,0
3123,699,531,0
3124,249,260,0
3125,401,409,0
3126,104,154,0
3127,245,442,1
3128,373,1394,0
3129,477,1075,0
3130,1898,1159,0
3131,72,74,0
3132,155,1275,1
3133,460,465,0
3134,859,28,1
3135,728,9,1
3136,23,1003,1
3137,73,720,0
3138,875,1798,0
3139,2127,1731,0
3140,32,28,1
3141,303,1069,0
3142,676,3,1
3143,1598,44,1
3144,1056,89,1
3145,38,871,1
3146,58,58,1
3147,936,150,1
3148,233,629,0
3149,2703,442,1
3150,1501,897,0
3151,203,1290,1
3152,1191,124,1
3153,617,28,1
3154,363,256,1
3155,558,341,1
3156,8,813,1
3157,821,1217,0
3158,466,792,1
3159,492,1031,0
3160,2403,915,1
3161,1484,789,0
3162,284,297,1
3163,459,647,0
3164,58,145,1
3165,1228,28,1
3166,1516,28,1
3167,1844,293,0
3168,295,306,1
3169,2089,334,0
3170,1431,150,1
3171,2655,718,0
3172,25,603,0
3173,8,1165,1
3174,779,1733,0
3175,237,417,0
3176,2519,87,1
3177,74,44,1
3178,2313,1168,0
3179,1669,78,0
3180,222,648,0
3181,416,1884,1
3182,1808,1262,1
3183,1129,1211,0
3184,87,88,0
3185,138,136,0
3186,959,646,0
3187,1060,666,0
3188,795,516,0
3189,315,44,1
3190,1603,1399,0
3191,1560,1350,0
3192,256,28,1
3193,2,330,0
3194,25,297,0
3195,1060,1253,0
3196,184,587,0
3197,1736,28,1
3198,2335,1568,0
3199,223,5,1
3200,423,153,1
3201,1176,1670,0
3202,8,1191,1
3203,1583,308,0
3204,2464,22,0
3205,1309,1717,1
3206,105,986,0
3207,203,759,1
3208,1454,1287,0
3209,14,217,1
3210,14,1125,1
3211,92,1216,0
3212,149,810,0
3213,774,757,0
3214,702,424,0
3215,406,220,0
3216,121,759,0
3217,158,858,0
3218,115,1203,0
3219,14,960,1
3220,1265,717,0
3221,260,272,0
3222,1064,1370,0
3223,1298,1176,0
3224,821,1598,0
3225,36,34,0
3226,2100,380,0
3227,2045,399,1
3228,466,813,1
3229,203,1830,1
3230,2336,419,0
3231,2617,1050,0
3232,1216,769,0
3233,1065,220,1
3234,2178,443,1
3235,2582,13,0
3236,2092,460,1
3237,2132,1348,0
3238,279,9,1
3239,2364,1857,0
3240,29,347,1
3241,1102,1056,1
3242,569,565,1
3243,1634,530,0
3244,1585,1384,1
3245,472,1444,0
3246,2121,375,0
3247,706,28,1
3248,14,819,1
3249,419,28,1
3250,942,558,0
3251,23,821,1
3252,59,28,1
3253,417,1402,0
3254,2223,465,0
3255,1540,1356,0
3256,825,413,1
3257,391,572,1
3258,184,687,0
3259,1821,1384,1
3260,255,1398,0
3261,197,971,0
3262,133,281,1
3263,14,1792,1
3264,26,1429,0
3265,34,32,0
3266,167,1213,1
3267,1954,822,0
3268,1150,725,1
3269,2723,1079,0
3270,634,196,0
3271,23,1692,1
3272,1239,1133,0
3273,177,1520,0
3274,585,379,0
3275,2047,734,0
3276,38,183,1
3277,182,991,0
3278,435,1365,0
3279,816,788,1
3280,530,337,1
3281,653,28,1
3282,1211,1413,1
3283,1660,442,1
3284,798,397,1
3285,820,794,0
3286,14,765,1
3287,69,1036,1
3288,1622,1409,0
3289,276,1753,0
3290,388,1657,0
3291,576,117,0
3292,145,1117,1
3293,188,1001,0
3294,1769,1084,0
3295,797,1169,0
3296,1017,1029,1
3297,1244,92,0
3298,413,420,0
3299,2256,565,1
3300,2576,1796,0
3301,28,7,0
3302,1378,1233,0
3303,8,236,1
3304,1446,246,0
3305,663,9,1
3306,598,5,1
3307,1562,1029,1
3308,96,747,1
3309,735,726,0
3310,76,77,1
3311,1844,46,0
3312,1508,663,0
3313,1674,282,1
3314,703,5,0
3315,419,28,1
3316,155,91,1
3317,615,674,0
3318,469,271,1
3319,2012,1646,1
3320,1335,1050,0
3321,902,28,1
3322,23,1648,1
3323,155,422,1
3324,44,28,1
3325,55,818,1
3326,130,9,1
3327,1053,28,1
3328,58,77,1
3329,8,737,1
3330,36,1221,0
3331,8,282,1
3332,1015,380,1
3333,23,1317,1
3334,1105,397,0
3335,2155,119,0
3336,2567,1633,0
3337,324,1020,1
3338,560,378,1
3339,585,1778,0
3340,222,869,0
3341,1390,649,0
3342,1864,679,0
3343,2038,494,1
3344,348,1636,0
3345,2341,67,0
3346,14,54,1
3347,1000,64,0
3348,203,998,1
3349,494,958,1
3350,51,44,1
3351,1646,667,0
3352,492,553,0
3353,497,1205,0
3354,829,802,0
3355,381,63,0
3356,728,9,1
3357,654,653,0
3358,2421,398,1
3359,1021,737,0
3360,882,161,0
3361,61,67,0
3362,929,9,1
3363,25,232,0
3364,23,271,1
3365,587,66,0
3366,1613,980,0
3367,2063,1368,0
3368,256,28,1
3369,7,121,0
3370,2704,1991,0
3371,566,69,1
3372,1228,28,1
3373,1114,775,0
3374,776,211,1
3375,979,1201,0
3376,928,1253,0
3377,23,1374,1
3378,188,649,0
3379,8,1578,1
3380,165,593,1
3381,44,879,1
3382,981,150,1
3383,566,478,1
3384,1092,1025,0
3385,8,1191,1
3386,26,495,0
3387,280,293,0
3388,1810,617,0
3389,14,1811,1
3390,21,558,0
3391,2674,524,0
3392,2017,655,0
3393,8,627,1
3394,2366,9,1
3395,285,959,1
3396,511,511,0
3397,1415,1264,0
3398,83,1664,0
3399,155,83,1
3400,21,19,0
3401,22,603,0
3402,44,1359,1
3403,423,815,1
3404,1804,737,0
3405,466,719,1
3406,161,53,1
3407,2036,595,1
3408,995,704,0
3409,55,244,1
3410,2052,443,1
3411,360,362,0
3412,754,1095,1
3413,2701,464,1
3414,8,487,1
3415,522,523,0
3416,391,296,1
3417,1716,9,1
3418,909,639,0
3419,870,1928,0
3420,2261,202,1
3421,510,3,1
3422,927,28,1
3423,1016,952,1
3424,352,1638,0
3425,1187,198,0
3426,2130,1201,0
3427,313,9,1
3428,1818,1511,0
3429,44,283,1
3430,14,1071,1
3431,584,1995,1
3432,688,1173,0
3433,966,28,1
3434,965,918,0
3435,480,1171,0
3436,534,28,1
3437,2404,1051,1
3438,2295,1399,0
3439,8,1671,1
3440,1814,94,1
3441,2590,160,0
3442,1014,739,0
3443,1084,1016,0
3444,44,1871,1
3445,2156,1298,0
3446,821,1743,0
3447,2275,1489,0
3448,217,225,0
3449,1237,1148,0
3450,145,69,1
3451,951,30,0
3452,932,880,0
3453,169,239,1
3454,155,1468,1
3455,23,1561,1
3456,1648,991,0
3457,2642,81,1
3458,762,356,0
3459,2146,305,0
3460,578,577,0
3461,424,515,0
3462,23,69,1
3463,14,1451,1
3464,1463,118,1
3465,829,717,0
3466,2425,125,0
3467,1132,595,0
3468,764,1123,0
3469,519,521,1
3470,1776,770,0
3471,755,1615,0
3472,161,69,1
3473,14,806,1
3474,14,9,1
3475,621,217,1
3476,358,9,1
3477,8,50,1
3478,894,859,0
3479,14,1487,1
3480,2202,81,1
3481,1450,50,1
3482,2553,403,0
3483,2321,1104,0
3484,500,24,0
3485,324,595,1
3486,631,28,1
3487,1037,140,0
3488,87,922,0
3489,263,58,1
3490,425,355,0
3491,349,352,0
3492,14,1384,1
3493,2021,103,0
3494,1504,410,0
3495,331,1610,1
3496,2149,389,0
3497,38,301,1
3498,1625,747,0
3499,480,301,0
3500,1056,1164,1
3501,2509,1910,1
3502,1401,1256,0
3503,1726,806,0
3504,597,596,0
3505,391,584,1
3506,315,858,1
3507,421,28,1
3508,29,202,1
3509,51,1212,1
3510,58,9,1
3511,210,219,0
3512,1255,827,1
3513,8,714,1
3514,272,762,0
3515,1071,1699,0
3516,2035,971,0
3517,463,589,0
3518,303,931,0
3519,787,288,0
3520,880,1007,0
3521,1190,226,1
3522,694,1121,0
3523,739,287,0
3524,866,1460,0
3525,974,9,1
3526,23,1728,1
3527,855,9,1
3528,23,168,1
3529,536,1152,0
3530,1353,199,1
3531,1584,85,1
3532,876,836,0
3533,319,617,1
3534,285,90,1
3535,205,1408,0
3536,477,461,0
3537,13,1210,1
3538,1457,279,1
3539,1686,407,1
3540,2253,745,0
3541,2123,123,0
3542,99,9,1
3543,154,44,1
3544,301,153,1
3545,2508,871,0
3546,579,699,1
3547,1420,494,1
3548,529,528,0
3549,668,668,0
3550,1225,724,0
3551,68,1622,0
3552,303,314,0
3553,856,824,0
3554,1882,9,1
3555,1064,1142,0
3556,887,849,0
3557,1074,3,1
3558,69,448,1
3559,228,388,0
3560,2694,180,0
3561,754,725,1
3562,603,142,0
3563,14,565,1
3564,622,9,1
3565,2150,1598,0
3566,196,1044,0
3567,58,9,1
3568,553,879,0
3569,2711,118,1
3570,2082,239,1
3571,466,1584,1
3572,684,193,0
3573,34,39,0
3574,338,929,0
3575,8,208,1
3576,620,9,1
3577,1005,1491,0
3578,182,758,0
3579,1328,893,0
3580,615,501,0
3581,296,714,1
3582,1479,505,0
3583,2234,1859,0
3584,1786,60,0
3585,2690,1635,0
3586,1210,112,0
3587,199,1382,0
3588,528,527,0
3589,1001,94,1
3590,1437,168,1
3591,2697,118,1
3592,2140,208,1
3593,627,211,1
3594,1886,718,0
3595,58,69,1
3596,167,349,1
3597,459,420,0
3598,23,1212,1
3599,2652,1663,0
3600,1639,1535,0
3601,973,425,1
3602,62,1609,1
3603,2541,975,0
3604,328,339,0
3605,2148,1884,1
3606,1636,742,0
3607,186,1618,0
3608,2491,9,1
3609,2460,106,1
3610,24,1590,1
3611,198,439,1
3612,1157,1081,0
3613,352,221,0
3614,334,1185,0
3615,1196,190,0
3616,64,1105,0
3617,629,510,1
3618,1996,297,1
3619,1577,1381,0
3620,1134,504,1
3621,1959,1600,0
3622,1118,1165,1
3623,2591,1194,0
3624,800,28,1
3625,569,565,1
3626,14,1391,1
3627,901,862,0
3628,331,114,1
3629,1345,9,1
3630,23,170,1
3631,1630,1416,0
3632,8,408,1
3633,708,703,0
3634,199,205,0
3635,26,292,0
3636,30,714,1
3637,854,49,1
3638,1243,1136,0
3639,1407,897,0
3640,282,877,0
3641,23,821,1
3642,722,716,0
3643,21,1050,0
3644,579,9,1
3645,449,456,0
3646,2560,28,1
3647,69,699,1
3648,8,44,1
3649,1364,232,0
3650,1554,1361,0
3651,448,1616,1
3652,31,927,0
3653,140,33,0
3654,951,1334,0
3655,99,455,1
3656,2250,902,0
3657,2214,9,1
3658,2385,256,1
3659,59,28,1
3660,409,810,0
3661,1,217,1
3662,430,910,0
3663,980,347,1
3664,1051,997,1
3665,1421,1027,0
3666,8,1933,1
3667,8,369,1
3668,37,511,0
3669,385,1979,0
3670,1553,1360,0
3671,8,81,1
3672,49,1793,0
3673,803,958,1
3674,1061,509,0
3675,1563,9,1
3676,2056,28,1
3677,23,1956,1
3678,652,256,1
3679,794,282,1
3680,2225,397,1
3681,302,313,0
3682,307,1625,0
3683,23,1116,1
3684,667,394,0
3685,427,1552,0
3686,423,153,1
3687,82,880,1
3688,26,843,0
3689,1326,88,0
3690,139,914,0
3691,1939,1223,0
3692,75,44,1
3693,639,382,1
3694,1356,1323,0
3695,1158,1082,0
3696,1928,1494,0
3697,412,491,0
3698,175,239,0
3699,810,783,0
3700,1491,914,0
3701,2470,868,1
3702,190,201,0
3703,1249,511,0
3704,8,1385,1
3705,167,1384,1
3706,1277,310,1
3707,1342,3,1
3708,8,140,1
3709,636,636,0
3710,165,168,1
3711,1337,28,1
3712,23,504,1
3713,1445,729,0
3714,1,73,1
3715,832,751,0
3716,8,1765,1
3717,14,361,1
3718,1294,28,1
3719,2079,914,0
3720,14,533,1
3721,14,1918,1
3722,1945,953,0
3723,54,1258,1
3724,889,239,0
3725,284,69,1
3726,51,644,1
3727,1241,337,1
3728,823,1119,1
3729,417,1596,0
3730,366,494,0
3731,293,561,0
3732,23,1210,1
3733,1349,595,1
3734,32,28,1
3735,8,278,1
3736,1086,316,0
3737,1219,33,0
3738,1957,1123,0
3739,1400,1250,0
3740,1631,1418,0
3741,63,63,0
3742,1059,44,1
3743,678,1465,0
3744,1362,9,1
3745,736,44,1
3746,324,1116,1
3747,324,459,1
3748,1317,9,1
3749,662,394,0
3750,2087,1619,0
3751,1223,1060,0
3752,896,3,1
3753,292,3,1
3754,185,193,1
3755,475,1710,0
3756,868,409,0
3757,689,148,0
3758,938,1160,1
3759,165,968,1
3760,1953,28,1
3761,1527,1972,0
3762,25,239,0
3763,682,9,1
3764,581,578,0
3765,8,1594,1
3766,23,126,1
3767,607,1280,0
3768,14,654,1
3769,2321,1448,0
3770,2417,1736,0
3771,38,1059,1
3772,406,104,0
3773,25,144,0
3774,924,874,0
3775,51,140,1
3776,247,258,1
3777,408,415,0
3778,1439,573,0
3779,9,9,1
3780,2661,145,0
3781,2162,1757,0
3782,348,1060,0
3783,285,9,1
3784,130,840,1
3785,661,660,0
3786,733,724,0
3787,54,1422,1
3788,9,9,1
3789,138,194,0
3790,2112,1715,0
3791,1831,28,1
3792,72,1586,0
3793,283,517,1
3794,1083,892,0
3795,23,1213,1
3796,2076,1686,0
3797,1065,601,1
3798,1133,633,1
3799,1442,28,1
3800,971,28,1
3801,970,920,1
3802,30,1766,1
3803,1859,1538,0
3804,76,145,1
3805,1963,1502,0
3806,2273,959,1
3807,1465,160,0
3808,2718,1257,0
3809,25,360,0
3810,324,949,1
3811,1368,28,1
3812,1057,202,0
3813,374,868,1
3814,51,51,1
3815,595,595,0
3816,366,316,0
3817,1310,443,1
3818,105,105,0
3819,2596,140,1
3820,430,1255,0
3821,1583,531,0
3822,8,1238,1
3823,324,296,1
3824,1117,9,1
3825,2243,44,1
3826,1500,89,1
3827,187,750,0
3828,2335,1438,0
3829,678,675,0
3830,986,28,1
3831,285,90,1
3832,220,28,1
3833,276,1710,0
3834,55,1212,1
3835,2149,405,0
3836,6,6,0
3837,25,1300,0
3838,2628,718,0
3839,161,164,1
3840,709,963,0
3841,315,8,1
3842,1476,1574,0
3843,986,18,1
3844,1149,1068,0
3845,1759,3,1
3846,2330,666,0
3847,30,29,1
3848,58,9,1
3849,2536,841,0
3850,58,670,1
3851,8,898,1
3852,466,1240,1
3853,416,9,1
3854,682,9,1
3855,497,1938,0
3856,975,809,0
3857,1313,367,0
3858,173,781,0
3859,939,5,1
3860,23,165,1
3861,466,1357,1
3862,124,399,1
3863,1034,1515,0
3864,2307,957,1
3865,1266,1021,1
3866,2463,1534,0
3867,599,599,1
3868,1249,1557,0
3869,1675,446,1
3870,927,28,1
3871,37,1084,0
3872,631,28,1
3873,1476,1819,0
3874,409,532,0
3875,214,223,0
3876,2363,1856,0
3877,2535,505,0
3878,1080,450,0
3879,103,101,0
3880,141,140,1
3881,609,598,0
3882,2161,1524,0
3883,1503,28,1
3884,381,1123,0
3885,2506,1557,0
3886,9,670,1
3887,1425,281,1
3888,8,255,1
3889,1566,357,0
3890,14,1278,1
3891,29,28,1
3892,1607,285,0
3893,499,3,1
3894,1015,1923,1
3895,14,217,1
3896,315,1227,1
3897,197,359,0
3898,14,1957,1
3899,2176,442,1
3900,741,1714,0
3901,9,959,1
3902,2597,1218,0
3903,152,156,0
3904,455,461,0
3905,462,28,1
3906,23,154,1
3907,1326,175,0
3908,613,28,1
3909,7,373,0
3910,2663,388,0
3911,14,446,1
3912,1768,77,0
3913,1137,600,0
3914,1154,1078,0
3915,1822,390,1
3916,859,28,1
3917,887,676,0
3918,44,161,1
3919,130,242,1
3920,111,111,1
3921,558,633,1
3922,286,879,0
3923,999,89,1
3924,881,844,0
3925,74,208,1
3926,2427,1485,0
3927,8,9,1
3928,1743,9,1
3929,61,1471,0
3930,99,9,1
3931,1313,395,0
3932,971,28,1
3933,1913,9,1
3934,203,1422,1
3935,2221,1997,0
3936,1233,28,1
3937,582,580,0
3938,571,569,0
3939,1543,1180,0
3940,1050,996,0
3941,785,770,0
3942,1569,988,0
3943,1509,974,1
3944,8,113,1
3945,108,225,0
3946,8,186,1
3947,1558,974,0
3948,1340,1204,0
3949,1206,28,1
3950,2049,558,0
3951,1061,599,0
3952,705,98,1
3953,410,1255,0
3954,1304,28,1
3955,1434,565,1
3956,23,1874,1
3957,220,28,1
3958,485,1027,0
3959,44,8,1
3960,145,938,1
3961,14,1143,1
3962,285,91,1
3963,1251,1010,0
3964,151,89,1
3965,1064,549,0
3966,338,1799,0
3967,216,1250,0
3968,1475,1891,0
3969,690,688,1
3970,1525,258,1
3971,415,421,0
3972,121,832,0
3973,1508,1166,0
3974,590,266,0
3975,2311,1118,0
3976,367,367,1
3977,1230,1121,0
3978,130,145,1
3979,1115,9,1
3980,959,913,0
3981,1169,285,0
3982,1380,1237,1
3983,2165,914,0
3984,987,933,0
3985,2156,491,0
3986,2096,122,1
3987,1281,1818,1
3988,2271,118,1
3989,478,479,1
3990,293,822,0
3991,1933,607,0
3992,420,3,1
3993,557,457,1
3994,2258,1711,0
3995,573,1069,0
3996,2300,618,1
3997,199,1370,0
3998,299,94,1
3999,2114,505,0
4000,44,155,1
4001,85,747,0
4002,8,271,1
4003,2257,788,1
4004,2475,126,0
4005,1293,1054,0
4006,659,802,0
4007,25,552,0
4008,10,985,0
4009,591,231,0
4010,707,702,0
4011,2397,924,0
4012,8,1664,1
4013,778,1244,0
4014,1923,202,1
4015,653,28,1
4016,263,58,1
4017,755,440,0
4018,444,1500,0
4019,2226,1725,0
4020,653,211,1
4021,14,1472,1
4022,919,9,1
4023,219,255,1
4024,121,120,0
4025,44,1836,1
4026,92,92,0
4027,911,5,1
4028,14,622,1
4029,8,553,1
4030,23,792,1
4031,2050,1446,0
4032,818,383,0
4033,315,337,1
4034,31,151,0
4035,2720,460,1
4036,391,1687,1
4037,8,236,1
4038,420,3,1
4039,823,797,1
4040,2636,665,1
4041,2079,534,0
4042,2024,688,1
4043,1181,40,1
4044,355,1491,0
4045,2677,902,0
4046,51,1332,1
4047,203,1965,1
4048,847,817,0
4049,2465,1475,0
4050,338,980,0
4051,2392,1409,0
4052,1968,520,1
4053,4,1571,0
4054,2293,1817,0
4055,2388,28,1
4056,57,237,0
4057,1076,28,1
4058,850,28,1
4059,1319,923,0
4060,2316,208,1
4061,1076,5,1
4062,53,28,1
4063,391,1392,1
4064,1078,3,1
4065,285,478,1
4066,87,1840,0
4067,160,163,0
4068,69,1050,1
4069,2144,1226,0
4070,721,28,1
4071,237,1242,0
4072,1838,28,1
4073,1190,407,1
4074,8,1335,1
4075,1649,1430,1
4076,61,249,0
4077,2471,362,0
4078,14,901,1
4079,1579,1382,0
4080,962,1029,1
4081,653,28,1
4082,276,289,0
4083,8,49,1
4084,25,1895,0
4085,325,335,0
4086,2306,633,1
4087,680,676,0
4088,1677,1380,0
4089,1889,457,1
4090,324,995,1
4091,892,520,1
4092,604,827,0
4093,859,28,1
4094,2042,5,0
4095,848,69,1
4096,1673,497,1
4097,8,9,1
4098,1146,1061,0
4099,2107,1713,0
4100,23,551,1
4101,293,1919,0
4102,1657,28,1
4103,607,1216,0
4104,825,193,1
4105,1924,1515,0
4106,1269,1158,0
4107,470,475,1
4108,874,156,0
4109,1214,9,1
4110,130,662,1
4111,1240,505,0
4112,466,296,1
4113,1186,1100,0
4114,14,651,1
4115,23,565,1
4116,1360,1218,0
4117,23,1371,1
4118,1011,426,0
4119,502,301,1
4120,1406,478,0
4121,14,959,1
4122,1394,922,0
4123,324,315,1
4124,760,747,1
4125,58,9,1
4126,314,202,1
4127,8,756,1
4128,469,94,1
4129,8,1593,1
4130,1139,1054,0
4131,2022,1229,0
4132,1343,1206,0
4133,821,19,0
4134,135,1370,0
4135,1144,1139,0
4136,282,308,0
4137,348,213,0
4138,2678,929,0
4139,2472,9,1
4140,134,132,0
4141,167,122,1
4142,803,1974,1
4143,908,209,0
4144,1127,565,1
4145,150,152,0
4146,1685,28,1
4147,665,475,0
4148,842,28,1
4149,600,751,0
4150,659,6,0
4151,843,44,1
4152,763,749,0
4153,1091,1024,0
4154,0,0,0
4155,566,69,1
4156,833,9,1
4157,2662,464,1
4158,319,974,1
4159,819,143,1
4160,366,506,0
4161,1698,520,0
4162,1330,44,1
4163,728,803,1
4164,1324,439,0
4165,562,561,0
4166,911,28,1
4167,55,943,1
4168,2026,1656,0
4169,203,686,1
4170,1295,1173,0
4171,284,478,1
4172,8,899,1
4173,1374,492,0
4174,1320,28,1
4175,47,1739,1
4176,636,439,0
4177,25,396,0
4178,2173,53,1
4179,14,363,1
4180,699,400,0
4181,1264,1149,0
4182,124,123,1
4183,485,265,0
4184,979,775,0
4185,528,1448,0
4186,9,267,1
4187,2384,3,1
4188,1331,115,1
4189,918,28,1
4190,1512,987,0
4191,1253,1144,0
4192,1107,28,1
4193,1926,1583,0
4194,661,717,0
4195,613,28,1
4196,1467,1295,0
4197,1662,1381,0
4198,2510,1801,0
4199,2387,480,0
4200,2049,957,0
4201,893,857,1
4202,420,425,1
4203,1258,9,1
4204,2155,603,0
4205,515,69,1
4206,2632,1865,0
4207,981,69,1
4208,468,1629,0
4209,14,147,1
4210,1728,89,1
4211,566,69,1
4212,2288,154,1
4213,322,614,0
4214,1521,1336,1
4215,1665,1441,0
4216,331,341,1
4217,1935,1013,0
4218,690,236,1
4219,1864,1367,0
4220,153,1390,0
4221,1857,788,0
4222,1141,30,0
4223,609,610,0
4224,476,1384,1
4225,1520,1196,1
4226,283,999,1
4227,8,1513,1
4228,44,49,1
4229,2301,1181,0
4230,689,492,0
4231,8,44,1
4232,2259,43,0
4233,1281,76,1
4234,681,677,0
4235,1055,89,1
4236,8,665,1
4237,185,28,1
4238,713,707,0
4239,23,955,1
4240,23,1708,1
4241,2424,139,0
4242,2476,493,0
4243,14,960,1
4244,89,69,1
4245,1335,1633,0
4246,1788,256,1
4247,2131,1825,0
4248,2722,1723,0
4249,14,1703,1
4250,2432,1381,0
4251,18,3,1
4252,2595,1468,0
4253,634,837,0
4254,2238,718,0
4255,614,615,0
4256,2179,1557,0
4257,188,196,0
4258,14,441,1
4259,324,1504,1
4260,1848,1763,0
4261,324,792,1
4262,821,887,0
4263,367,367,1
4264,285,69,1
4265,957,909,0
4266,14,1784,1
4267,25,963,0
4268,438,297,0
4269,2381,578,0
4270,2485,553,1
4271,105,1330,0
4272,391,547,1
4273,74,1813,1
4274,1008,864,0
4275,58,150,1
4276,8,1275,1
4277,1592,837,1
4278,279,959,1
4279,966,28,1
4280,1235,1127,0
4281,182,1184,0
4282,2601,586,0
4283,541,539,0
4284,25,1677,0
4285,701,28,1
4286,472,1222,0
4287,1427,1270,0
4288,366,502,0
4289,868,691,0
4290,21,354,0
4291,643,916,0
4292,14,217,1
4293,722,625,0
4294,1496,1685,0
4295,62,672,1
4296,23,939,1
4297,242,1014,0
4298,972,921,0
4299,808,494,0
4300,1399,3,1
4301,1278,729,0
4302,23,513,1
4303,9,837,1
4304,1015,475,1
4305,1203,1111,0
4306,1144,1060,0
4307,2195,475,1
4308,249,1322,0
4309,273,286,0
4310,1113,140,1
4311,158,160,0
4312,802,1559,1
4313,211,1360,0
4314,593,89,1
4315,416,1338,1
4316,438,492,0
4317,121,1035,0
4318,1562,28,1
4319,101,99,0
4320,1130,1552,0
4321,266,9,1
4322,728,69,1
4323,405,130,1
4324,62,617,1
4325,2594,550,0
4326,466,236,1
4327,1119,1397,0
4328,1255,1597,1
4329,1415,1118,0
4330,1013,118,1
4331,828,1228,0
4332,306,318,0
4333,2259,1908,0
4334,2147,1750,0
4335,764,1396,0
4336,23,1649,1
4337,1718,1412,0
4338,2208,1779,0
4339,367,367,1
4340,187,195,0
4341,566,69,1
4342,14,1573,1
4343,248,259,0
4344,1286,1169,0
4345,23,1547,1
4346,1283,3,1
4347,259,270,0
4348,145,959,1
4349,256,28,1
4350,1993,1048,0
4351,25,1390,0
4352,215,224,0
4353,2400,557,1
4354,1797,108,0
4355,14,1108,1
4356,14,1980,1
4357,21,695,0
4358,1205,248,0
4359,9,145,1
4360,65,355,0
4361,8,1894,1
4362,72,373,0
4363,461,466,0
4364,1433,94,1
4365,23,44,1
4366,844,9,1
4367,1693,565,1
4368,1348,614,0
4369,2193,199,0
4370,218,226,1
4371,1064,148,0
4372,282,295,0
4373,9,9,1
4374,401,606,0
4375,89,9,1
4376,2137,1993,0
4377,23,617,1
4378,26,989,0
4379,1425,28,1
4380,1800,200,1
4381,848,9,1
4382,320,1921,0
4383,23,1943,1
4384,1896,28,1
4385,1969,1611,0
4386,1281,1308,1
4387,518,1506,0
4388,13,122,1
4389,1454,1434,0
4390,1588,432,0
4391,450,226,1
4392,242,185,0
4393,2490,94,1
4394,2443,1934,0
4395,817,810,0
4396,1476,1110,0
4397,1747,28,1
4398,14,494,1
4399,2017,1035,0
4400,751,28,1
4401,30,29,1
4402,146,834,1
4403,1111,28,1
4404,1178,69,1
4405,676,425,1
4406,1865,595,1
4407,387,392,0
4408,2286,1814,0
4409,423,1257,1
4410,391,584,1
4411,234,28,1
4412,1461,226,1
4413,14,1572,1
4414,1829,1245,0
4415,757,417,0
4416,8,94,1
4417,1975,1628,0
4418,14,1864,1
4419,1725,511,0
4420,1881,193,0
4421,179,9,1
4422,353,330,0
4423,944,545,0
4424,1731,10,0
4425,8,1459,1
4426,232,237,0
4427,1527,1749,0
4428,87,1758,0
4429,2132,1076,0
4430,1227,1120,1
4431,26,1601,0
4432,1471,28,1
4433,393,873,0
4434,817,48,0
4435,228,403,0
4436,2517,921,0
4437,997,618,1
4438,1626,85,1
4439,23,883,1
4440,1046,988,0
4441,1441,1130,0
4442,240,28,1
4443,58,959,1
4444,70,70,0
4445,814,28,1
4446,1459,28,1
4447,702,235,0
4448,234,28,1
4449,2053,1464,0
4450,1164,553,1
4451,2675,44,1
4452,14,788,1
4453,533,9,1
4454,1370,9,1
4455,2689,763,0
4456,58,1036,1
4457,1365,38,0
4458,124,516,1
4459,2562,1913,0
4460,485,1352,0
4461,466,413,1
4462,8,1154,1
4463,1767,567,1
4464,83,1347,0
4465,311,1666,0
4466,978,40,0
4467,436,3,1
4468,1315,44,1
4469,785,1664,0
4470,951,1893,0
4471,2145,343,0
4472,353,1070,0
4473,1507,1570,0
4474,518,28,1
4475,8,868,1
4476,1790,709,0
4477,25,975,0
4478,2048,321,1
4479,1653,922,0
4480,397,405,0
4481,138,1146,0
4482,185,9,1
4483,1056,216,1
4484,1065,117,1
4485,8,1108,1
4486,426,60,0
4487,2680,44,1
4488,1723,1071,1
4489,423,1834,1
4490,1301,1180,0
4491,814,28,1
4492,14,828,1
4493,1900,868,1
4494,565,360,0
4495,1327,973,0
4496,353,1944,0
4497,2231,565,1
4498,510,3,1
4499,257,9,1
4500,1772,1947,0
4501,1532,1102,0
4502,1312,520,0
4503,2622,567,1
4504,62,123,1
4505,899,860,0
4506,1888,1109,1
4507,615,616,0
4508,8,1950,1
4509,2102,879,1
4510,148,600,0
4511,2337,693,0
4512,8,774,1
4513,133,1080,1
4514,1478,211,1
4515,80,81,1
4516,145,9,1
4517,2493,1624,1
4518,417,423,0
4519,917,872,0
4520,8,147,1
4521,790,44,1
4522,2201,244,1
4523,25,1361,0
4524,1265,830,0
4525,2408,418,0
4526,8,179,1
4527,724,122,1
4528,22,20,0
4529,23,1815,1
4530,76,967,1
4531,2166,69,1
4532,1702,9,1
4533,114,829,0
4534,508,509,0
4535,58,478,1
4536,2418,1213,1
4537,453,1530,0
4538,23,391,1
4539,2488,472,0
4540,437,442,1
4541,8,479,1
4542,768,79,0
4543,9,446,1
4544,922,294,1
4545,710,178,0
4546,2191,1010,0
4547,1793,1497,0
4548,921,873,0
4549,416,1614,1
4550,1517,1331,0
4551,496,287,0
4552,384,606,0
4553,1000,556,0
4554,646,589,1
4555,8,69,1
4556,566,146,1
4557,308,321,1
4558,293,1315,0
4559,440,447,0
4560,599,157,1
4561,215,443,0
4562,366,766,0
4563,44,689,1
4564,113,113,1
4565,1458,9,1
4566,617,28,1
4567,1139,1669,0
4568,971,28,1
4569,1177,198,1
4570,1604,984,0
4571,1126,837,1
4572,638,1696,0
4573,868,890,0
4574,144,1939,0
4575,341,347,1
4576,2248,108,0
4577,1965,1756,0
4578,853,822,0
4579,1505,1322,0
4580,1587,9,1
4581,1041,9,1
4582,682,9,1
4583,1265,1176,0
4584,2088,617,0
4585,610,128,1
4586,269,407,1
4587,312,3,1
4588,274,500,0
4589,2245,1114,0
4590,933,324,0
4591,263,9,1
4592,155,170,1
4593,1410,28,1
4594,190,197,0
4595,1694,607,0
4596,2684,897,0
4597,1991,1633,0
4598,1118,565,1
4599,768,752,0
4600,453,1698,0
4601,1705,880,1
4602,8,8,1
4603,58,9,1
4604,1231,1122,0
4605,14,217,1
4606,2249,615,0
4607,1174,124,0
4608,1,1,1
4609,726,716,0
4610,1654,363,0
4611,284,618,1
4612,681,897,0
4613,1165,1087,1
4614,24,367,1
4615,573,571,0
4616,2260,85,1
4617,1617,321,1
4618,2433,558,1
4619,466,9,1
4620,14,273,1
4621,561,1569,0
4622,1964,28,1
4623,2685,9,1
4624,8,879,1
4625,58,69,1
4626,203,54,1
4627,2030,1657,0
4628,51,692,1
4629,574,1234,0
4630,610,643,1
4631,566,69,1
4632,1238,1337,0
4633,1680,28,1
4634,381,475,0
4635,14,1437,1
4636,1604,663,0
4637,23,1614,1
4638,203,960,1
4639,386,390,0
4640,1478,18,1
4641,345,3,1
4642,1321,1192,0
4643,1706,1426,0
4644,2539,9,1
4645,1657,28,1
4646,1531,174,0
4647,1640,1481,0
4648,466,3,1
4649,1111,18,1
4650,2177,1764,0
4651,662,1104,0
4652,1729,3,1
4653,433,789,0
4654,722,1501,0
4655,2673,624,1
4656,272,284,0
4657,2062,1227,1
4658,57,1426,0
4659,454,28,1
4660,1241,1024,1
4661,14,1033,1
4662,2452,1384,1
4663,1521,1977,1
4664,1335,1090,0
4665,381,384,0
4666,1691,28,1
4667,1337,28,1
4668,1989,1131,0
4669,23,922,1
4670,1172,627,1
4671,2282,628,0
4672,612,202,1
4673,2073,553,1
4674,23,1261,1
4675,515,297,1
4676,2320,848,0
4677,256,28,1
4678,1076,28,1
4679,315,1480,1
4680,490,493,0
4681,8,271,1
4682,1817,1960,0
4683,875,743,0
4684,1454,1442,0
4685,1888,140,1
4686,982,928,0
4687,1721,28,1
4688,330,1017,0
4689,1291,1084,0
4690,1272,1161,0
4691,58,534,1
4692,1364,1591,0
4693,2556,1948,0
4694,1607,523,0
4695,2473,626,0
4696,38,742,1
4697,195,28,1
4698,2643,44,1
4699,23,952,1
4700,1847,270,0
4701,835,36,0
4702,99,612,1
4703,34,1253,0
4704,1340,653,0
4705,1602,920,0
4706,206,28,1
4707,173,1514,0
4708,783,769,0
4709,537,537,0
4710,14,1951,1
4711,728,150,1
4712,23,504,1
4713,360,832,0
4714,1283,3,1
4715,1940,3,1
4716,2378,895,0
4717,2573,1929,0
4718,2409,546,0
4719,2448,627,1
4720,309,87,1
4721,1275,266,0
4722,1014,350,0
4723,821,1797,0
4724,148,149,0
4725,2579,994,1
4726,285,298,1
4727,1717,206,0
4728,8,1512,1
4729,244,255,1
4730,31,868,0
4731,1344,1207,0
4732,2185,1657,0
4733,1224,278,1
4734,1112,49,1
4735,1413,85,1
4736,51,627,1
4737,8,1171,1
4738,542,541,0
4739,2557,9,1
4740,1372,443,1
4741,1559,614,0
4742,23,399,1
4743,155,158,1
4744,1221,638,1
4745,1008,112,0
4746,114,114,0
4747,2436,28,1
4748,213,222,0
4749,2621,217,1
4750,658,103,0
4751,8,1640,1
4752,950,903,1
4753,200,1366,0
4754,1853,1534,0
4755,342,617,0
4756,2580,1029,1
4757,1866,1385,0
4758,1223,46,0
4759,888,777,0
4760,2116,1842,0
4761,2315,282,1
4762,1830,497,1
4763,13,1163,1
4764,1326,107,0
4765,130,145,1
4766,2294,1246,0
4767,1984,48,0
4768,391,296,1
4769,453,930,0
4770,47,525,1
4771,8,934,1
4772,472,538,0
4773,14,332,1
4774,146,147,1
4775,10,1820,0
4776,1032,89,1
4777,285,1009,1
4778,1121,3,1
4779,355,358,0
4780,640,4,0
4781,416,9,1
4782,831,274,1
4783,1162,1018,0
4784,756,742,0
4785,684,848,0
4786,1839,9,1
4787,8,1986,1
4788,732,723,0
4789,23,551,1
4790,31,340,0
4791,603,1242,0
4792,25,879,0
4793,155,451,1
4794,1933,1102,0
4795,730,191,0
4796,1491,1311,0
4797,1056,89,1
4798,23,236,1
4799,30,9,1
4800,23,792,1
4801,14,250,1
4802,127,3,1
4803,2170,1184,0
4804,1632,706,0
4805,8,1451,1
4806,65,65,0
4807,61,1714,0
4808,1933,1189,0
4809,1557,775,0
4810,1798,718,0
4811,1205,1113,0
4812,574,573,0
4813,391,499,1
4814,324,688,1
4815,14,41,1
4816,2592,198,1
4817,1460,747,1
4818,8,188,1
4819,206,28,1
4820,324,94,1
4821,23,3,1
4822,8,638,1
4823,124,617,1
4824,1514,343,0
4825,2494,321,1
4826,728,9,1
4827,26,301,0
4828,12,9,1
4829,710,847,0
4830,797,775,0
4831,8,1676,1
4832,1278,462,0
4833,34,42,0
4834,896,3,1
4835,94,539,1
4836,1343,1246,0
4837,13,12,1
4838,515,297,1
4839,2210,281,1
4840,1426,835,0
4841,8,3,1
4842,1043,69,1
4843,1845,718,0
4844,105,1101,0
4845,868,1483,0
4846,661,1591,0
4847,496,48,0
4848,9,9,1
4849,23,1162,1
4850,8,380,1
4851,759,746,0
4852,14,1391,1
4853,8,364,1
4854,367,106,1
4855,2129,1022,0
4856,2393,407,1
4857,325,199,0
4858,878,93,0
4859,482,315,1
4860,9,172,1
4861,30,662,1
4862,394,971,0
4863,559,1057,0
4864,58,9,1
4865,185,382,1
4866,1765,1282,0
4867,14,1424,1
4868,2323,9,1
4869,1122,347,1
4870,2624,1166,0
4871,283,90,1
4872,23,439,1
4873,1191,1393,1
4874,144,523,0
4875,522,709,0
4876,858,825,1
4877,497,685,0
4878,1166,143,0
4879,57,200,0
4880,579,9,1
4881,617,28,1
4882,1168,576,0
4883,676,3,1
4884,2205,1776,0
4885,85,86,0
4886,448,455,1
4887,1841,773,0
4888,23,487,1
4889,370,371,0
4890,9,699,1
4891,391,1594,1
4892,76,9,1
4893,8,895,1
4894,2234,149,0
4895,31,1110,0
4896,466,522,1
4897,20,28,1
4898,74,441,1
4899,130,338,1
4900,501,503,0
4901,410,213,0
4902,1167,685,0
4903,373,376,0
4904,754,950,1
4905,802,167,1
4906,2274,817,0
4907,1523,1745,0
4908,1715,43,0
4909,1332,1179,0
4910,1439,493,0
4911,23,964,1
4912,8,53,1
4913,76,9,1
4914,1805,343,0
4915,569,566,1
4916,579,1455,1
4917,2207,1777,0
4918,129,89,1
4919,211,220,0
4920,1620,597,0
4921,8,751,1
4922,1348,796,0
4923,2683,1693,0
4924,155,834,1
4925,8,519,1
4926,68,1835,0
4927,401,876,0
4928,741,729,0
4929,1433,1277,1
4930,267,181,0
4931,1319,590,0
4932,1528,118,1
4933,1520,1196,1
4934,2575,87,1
4935,23,21,1
4936,2469,321,1
4937,1316,1189,0
4938,861,9,1
4939,2135,780,0
4940,579,69,1
4941,92,480,0
4942,2569,282,1
4943,1012,9,1
4944,705,767,1
4945,8,1861,1
4946,2263,704,0
4947,293,1367,0
4948,245,256,1
4949,18,3,1
4950,1419,28,1
4951,1756,256,1
4952,58,9,1
4953,63,660,0
4954,475,708,0
4955,103,1661,0
4956,395,402,0
4957,1902,1567,0
4958,423,211,1
4959,9,9,1
4960,68,624,0
4961,1128,1342,0
4962,185,193,1
4963,366,104,0
4964,2397,1251,0
4965,1692,527,1
4966,1183,194,1
4967,2413,759,1
4968,1780,1488,0
4969,634,476,0
4970,945,900,0
4971,647,28,1
4972,2515,347,1
4973,1480,660,0
4974,846,238,0
4975,23,853,1
4976,236,917,0
4977,882,845,0
4978,56,56,0
4979,158,460,0
4980,1684,127,0
4981,8,1889,1
4982,1964,28,1
4983,1213,1041,0
4984,2378,1863,0
4985,1930,69,1
4986,1876,565,1
4987,8,217,1
4988,26,1251,0
4989,145,9,1
4990,1497,5,1
4991,1731,1653,0
4992,2447,1884,1
4993,2203,801,0
4994,317,9,1
4995,2219,321,1
4996,2349,1843,1
4997,51,656,1
4998,1709,1056,0
4999,1129,743,0
5000,8,1451,1
5001,875,577,0
5002,1424,1268,0
5003,1910,743,0
5004,2326,202,1
5005,2609,717,1
5006,477,509,0
5007,263,9,1
5008,1657,28,1
5009,1515,197,0
5010,564,118,1
5011,868,1222,0
5012,1077,1010,0
5013,1559,511,0
5014,202,563,0
5015,25,277,0
5016,1317,9,1
5017,1666,776,0
5018,544,9,1
5019,628,406,0
5020,216,34,0
5021,870,835,0
5022,1722,226,1
5023,2382,397,1
5024,263,9,1
5025,706,28,1
5026,1216,624,0
5027,1354,1211,0
5028,14,624,1
5029,789,1492,0
5030,2247,274,1
5031,8,1896,1
5032,955,1847,0
5033,593,1164,1
5034,1934,1879,0
5035,608,28,1
5036,1595,275,0
5037,285,9,1
5038,9,356,1
5039,974,9,1
5040,398,44,1
5041,14,31,1
5042,544,9,1
5043,1198,315,1
5044,987,280,0
5045,14,1202,1
5046,859,5,1
5047,162,9,1
5048,1963,262,0
5049,1084,78,0
5050,238,248,0
5051,1130,1050,0
5052,1604,751,0
5053,1497,28,1
5054,268,1782,0
5055,78,79,0
5056,186,9,1
5057,651,650,0
5058,1429,124,0
5059,429,433,0
5060,2352,545,1
5061,114,1652,0
5062,2199,1775,0
5063,1935,1740,0
5064,2088,110,0
5065,728,448,1
5066,2558,1539,1
5067,7,1099,0
5068,929,9,1
5069,653,28,1
5070,507,508,0
5071,14,9,1
5072,820,738,0
5073,1148,1066,0
5074,2692,872,0
5075,570,568,0
5076,1606,154,1
5077,466,1576,1
5078,283,517,1
5079,961,1883,0
5080,44,113,1
5081,1384,1241,0
5082,718,130,1
5083,138,605,0
5084,234,1029,1
5085,620,670,1
5086,544,233,1
5087,1633,1349,1
5088,1946,959,0
5089,690,1421,1
5090,380,382,1
5091,1348,160,0
5092,1293,1383,0
5093,130,69,1
5094,654,786,0
5095,559,112,0
5096,2290,550,0
5097,1078,3,1
5098,1793,93,0
5099,203,973,1
5100,130,714,1
5101,2240,207,0
5102,1608,1401,0
5103,167,3,1
5104,14,823,1
5105,865,28,1
5106,203,1290,1
5107,495,498,0
5108,214,953,0
5109,1903,1568,0
5110,9,90,1
5111,62,337,1
5112,754,741,1
5113,10,1408,0
5114,23,772,1
5115,2531,859,0
5116,1583,1525,0
5117,1006,947,0
5118,1275,1192,0
5119,1545,293,0
5120,14,1873,1
5121,571,639,0
5122,438,570,0
5123,2124,1727,0
5124,324,457,1
5125,983,155,1
5126,529,671,0
5127,1729,3,1
5128,1887,74,1
5129,222,448,0
5130,212,781,0
5131,462,28,1
5132,818,616,0
5133,162,612,1
5134,643,709,0
5135,409,645,0
5136,625,837,0
5137,1987,69,1
5138,673,672,1
5139,23,563,1
5140,23,638,1
5141,127,3,1
5142,76,967,1
5143,1849,961,0
5144,472,316,0
5145,4,748,0
5146,620,959,1
5147,95,94,1
5148,414,9,1
5149,67,758,0
5150,1517,478,0
5151,55,244,1
5152,1356,1214,0
5153,1314,1014,0
5154,228,33,0
5155,1880,1853,0
5156,1257,398,1
5157,395,907,0
5158,8,236,1
5159,233,1872,0
5160,23,217,1
5161,68,42,0
5162,216,61,0
5163,2480,1222,0
5164,709,1005,0
5165,1485,1004,1
5166,1716,9,1
5167,1676,900,1
5168,562,1145,0
5169,797,1232,0
5170,558,557,1
5171,711,706,0
5172,789,328,0
5173,481,485,0
5174,645,28,1
5175,1406,910,0
5176,2524,87,1
5177,149,151,0
5178,643,234,0
5179,8,1220,1
5180,412,1041,0
5181,1994,1061,0
5182,1484,545,0
5183,453,1197,0
5184,1699,81,1
5185,1094,1026,0
5186,648,28,1
5187,289,9,1
5188,902,28,1
5189,609,655,0
5190,8,366,1
5191,1629,624,0
5192,69,207,1
5193,636,859,0
5194,303,1366,0
5195,9,9,1
5196,2137,1736,0
5197,8,147,1
5198,2604,94,1
5199,14,31,1
5200,2430,1433,0
5201,23,1403,1
5202,564,382,1
5203,9,69,1
5204,1623,1410,0
5205,603,1240,0
5206,725,28,1
5207,1260,1148,0
5208,14,1909,1
5209,1429,871,0
5210,157,121,0
5211,2394,1274,0
5212,2149,674,0
5213,891,854,0
5214,28,276,0
5215,868,305,0
5216,1774,1486,0
5217,1252,1142,0
5218,1757,159,1
5219,25,221,0
5220,8,83,1
5221,348,418,0
5222,1912,183,1
5223,416,446,1
5224,928,876,0
5225,303,515,0
5226,476,44,1
5227,23,484,1
5228,121,1846,0
5229,198,1456,1
5230,1644,627,1
5231,130,267,1
5232,158,606,0
5233,1554,1716,0
5234,1881,330,0
5235,583,28,1
5236,8,96,1
5237,1062,747,1
5238,324,1384,1
5239,2511,457,1
5240,442,28,1
5241,68,203,0
5242,1268,1156,0
5243,1238,1131,0
5244,566,9,1
5245,23,1734,1
5246,452,460,1
5247,133,131,1
5248,2029,1384,1
5249,169,613,1
5250,740,718,0
5251,14,1150,1
5252,294,404,0
5253,177,181,0
5254,766,245,0
5255,20,18,1
5256,203,9,1
5257,1952,1222,0
5258,655,28,1
5259,169,767,1
5260,371,1767,0
5261,600,600,0
5262,347,1514,0
5263,692,570,0
5264,968,919,0
5265,1241,1134,1
5266,681,1913,0
5267,1071,1912,0
5268,14,680,1
5269,350,353,0
5270,14,54,1
5271,1747,28,1
5272,2578,1932,0
5273,366,240,0
5274,1332,1201,0
5275,2528,135,0
5276,540,521,1
5277,1288,713,0
5278,1727,397,1
5279,671,556,0
5280,576,360,0
5281,780,1650,0
5282,922,256,1
5283,402,28,1
5284,173,808,0
5285,2365,328,0
5286,986,28,1
5287,484,487,0
5288,486,489,0
5289,1640,352,0
5290,130,670,1
5291,8,315,1
5292,683,634,0
5293,16,15,0
5294,1568,1373,0
5295,1407,1171,0
5296,884,527,1
5297,23,470,1
5298,23,1170,1
5299,638,1902,0
5300,51,407,1
5301,1862,1541,1
5302,2415,300,0
5303,435,439,0
5304,1001,143,1
5305,605,28,1
5306,1421,738,0
5307,1065,123,1
5308,1842,1524,0
5309,304,1519,0
5310,931,1587,1
5311,2118,349,1
5312,1976,1623,0
5313,8,885,1
5314,634,633,0
5315,172,176,1
5316,981,1124,1
5317,146,1550,1
5318,780,1354,0
5319,335,28,1
5320,481,639,0
5321,1394,837,0
5322,204,212,0
5323,1695,321,1
5324,1858,1465,0
5325,1670,1149,0
5326,8,236,1
5327,219,296,1
5328,981,1062,1
5329,1340,893,0
5330,67,67,0
5331,2700,1988,0
5332,1855,747,1
5333,585,141,0
5334,1838,28,1
5335,772,1174,0
5336,900,861,0
5337,902,28,1
5338,61,61,0
5339,23,11,1
5340,362,211,1
5341,1989,871,0
5342,443,122,1
5343,860,217,1
5344,1,620,1
5345,140,248,0
5346,2015,140,1
5347,23,1867,1
5348,2705,1694,0
5349,304,326,0
5350,1542,211,1
5351,388,805,0
5352,445,28,1
5353,2716,106,1
5354,2000,1205,0
5355,916,871,0
5356,2083,565,1
5357,1458,903,1
5358,475,713,0
5359,2546,742,1
5360,1111,28,1
5361,367,276,1
5362,2608,384,0
5363,1373,1230,1
5364,220,28,1
5365,752,738,0
5366,1982,123,0
5367,720,122,1
5368,115,872,0
5369,23,44,1
5370,1787,1796,0
5371,14,1450,1
5372,9,612,1
5373,416,1624,1
5374,1918,1280,0
5375,1933,1780,0
5376,951,232,0
5377,615,1014,0
5378,778,763,0
5379,23,378,1
5380,8,1627,1
5381,234,198,1
